{
    "config": "work/config_dannet_pred_acdc.py",
    "metric": {
        "aAcc": 0.48840000000000006,
        "mIoU": 0.1416,
        "mAcc": 0.2309,
        "IoU.road": 0.9068000030517578,
        "IoU.sidewalk": 0.6156000137329102,
        "IoU.building": 0.71,
        "IoU.wall": 0.0,
        "IoU.fence": 0.09970000267028808,
        "IoU.pole": 0.10319999694824218,
        "IoU.traffic light": 0.00019999999552965163,
        "IoU.traffic sign": 0.0,
        "IoU.vegetation": 0.004000000059604645,
        "IoU.terrain": 0.18149999618530274,
        "IoU.sky": 0.00029999999329447744,
        "IoU.person": 0.0,
        "IoU.rider": 0.03150000095367431,
        "IoU.car": 0.0009000000357627869,
        "IoU.truck": 0.0,
        "IoU.bus": 0.0,
        "IoU.train": 0.02569999933242798,
        "IoU.motorcycle": 0.010499999523162842,
        "IoU.bicycle": 0.0010999999940395355,
        "Acc.road": 0.9512999725341796,
        "Acc.sidewalk": 0.7293000030517578,
        "Acc.building": 0.8177999877929687,
        "Acc.wall": 0.0,
        "Acc.fence": 0.22950000762939454,
        "Acc.pole": 0.32990001678466796,
        "Acc.traffic light": 0.034200000762939456,
        "Acc.traffic sign": 0.0,
        "Acc.vegetation": 0.0040999999642372135,
        "Acc.terrain": 0.47630001068115235,
        "Acc.sky": 0.00029999999329447744,
        "Acc.person": 0.0,
        "Acc.rider": 0.08630000114440918,
        "Acc.car": 0.0011999999731779098,
        "Acc.truck": 0.0,
        "Acc.bus": NaN,
        "Acc.train": 0.44470001220703126,
        "Acc.motorcycle": 0.04389999866485596,
        "Acc.bicycle": 0.0075
    }
}