{
    "config": "work/config_dannet_pred_acdc.py",
    "metric": {
        "aAcc": 0.4818,
        "mIoU": 0.14,
        "mAcc": 0.207,
        "IoU.road": 0.9069999694824219,
        "IoU.sidewalk": 0.6147000122070313,
        "IoU.building": 0.7108000183105468,
        "IoU.wall": 0.0,
        "IoU.fence": 0.09420000076293945,
        "IoU.pole": 0.07789999961853028,
        "IoU.traffic light": 0.00019999999552965163,
        "IoU.traffic sign": 0.0,
        "IoU.vegetation": 0.00029999999329447744,
        "IoU.terrain": 0.2143000030517578,
        "IoU.sky": 0.00029999999329447744,
        "IoU.person": 0.0,
        "IoU.rider": 0.025299999713897705,
        "IoU.car": 0.0011999999731779098,
        "IoU.truck": 0.0,
        "IoU.bus": 0.0,
        "IoU.train": 0.0036000001430511477,
        "IoU.motorcycle": 0.010499999523162842,
        "IoU.bicycle": 0.0005000000074505806,
        "Acc.road": 0.9516000366210937,
        "Acc.sidewalk": 0.7280999755859375,
        "Acc.building": 0.8193000030517578,
        "Acc.wall": 0.0,
        "Acc.fence": 0.1647999954223633,
        "Acc.pole": 0.3431999969482422,
        "Acc.traffic light": 0.037300000190734865,
        "Acc.traffic sign": 0.0,
        "Acc.vegetation": 0.00029999999329447744,
        "Acc.terrain": 0.47299999237060547,
        "Acc.sky": 0.00029999999329447744,
        "Acc.person": 0.0,
        "Acc.rider": 0.09529999732971191,
        "Acc.car": 0.0014000000059604645,
        "Acc.truck": 0.0,
        "Acc.bus": NaN,
        "Acc.train": 0.060900001525878905,
        "Acc.motorcycle": 0.045,
        "Acc.bicycle": 0.004699999988079071
    }
}