{
    "config": "work/config_dannet_pred_acdc.py",
    "metric": {
        "aAcc": 0.4816,
        "mIoU": 0.1481,
        "mAcc": 0.207,
        "IoU.road": 0.9073999786376953,
        "IoU.sidewalk": 0.6147999954223633,
        "IoU.building": 0.7105000305175782,
        "IoU.wall": 0.0005000000074505806,
        "IoU.fence": 0.09550000190734863,
        "IoU.pole": 0.07780000209808349,
        "IoU.traffic light": 0.00019999999552965163,
        "IoU.traffic sign": 0.0,
        "IoU.vegetation": 0.0009000000357627869,
        "IoU.terrain": 0.21559999465942384,
        "IoU.sky": 0.00019999999552965163,
        "IoU.person": 9.999999776482581e-05,
        "IoU.rider": 0.02619999885559082,
        "IoU.car": 0.0010999999940395355,
        "IoU.truck": 0.0,
        "IoU.bus": NaN,
        "IoU.train": 0.003499999940395355,
        "IoU.motorcycle": 0.010499999523162842,
        "IoU.bicycle": 0.0010999999940395355,
        "Acc.road": 0.9520999908447265,
        "Acc.sidewalk": 0.7273999786376953,
        "Acc.building": 0.8173999786376953,
        "Acc.wall": 0.0005000000074505806,
        "Acc.fence": 0.16670000076293945,
        "Acc.pole": 0.34630001068115235,
        "Acc.traffic light": 0.0375,
        "Acc.traffic sign": 0.0,
        "Acc.vegetation": 0.0009000000357627869,
        "Acc.terrain": 0.47380001068115235,
        "Acc.sky": 0.00019999999552965163,
        "Acc.person": 9.999999776482581e-05,
        "Acc.rider": 0.09029999732971192,
        "Acc.car": 0.0014000000059604645,
        "Acc.truck": 0.0,
        "Acc.bus": NaN,
        "Acc.train": 0.06070000171661377,
        "Acc.motorcycle": 0.044800000190734865,
        "Acc.bicycle": 0.0064999997615814206
    }
}