{
    "config": "work/week25/exp3.py",
    "metric": {
        "aAcc": 0.986,
        "mIoU": 0.6579999999999999,
        "mAcc": 0.7515999999999999,
        "IoU.road": 0.9929000091552734,
        "IoU.sidewalk": 0.9654000091552735,
        "IoU.building": 0.9787999725341797,
        "IoU.wall": 0.9359999847412109,
        "IoU.fence": 0.9170999908447266,
        "IoU.pole": 0.7904000091552734,
        "IoU.traffic light": 0.8677999877929687,
        "IoU.traffic sign": 0.8908999633789062,
        "IoU.vegetation": 0.9791000366210938,
        "IoU.terrain": 0.8844999694824218,
        "IoU.sky": 0.9905000305175782,
        "IoU.person": 0.45849998474121095,
        "IoU.rider": 0.0,
        "IoU.car": 0.870999984741211,
        "IoU.truck": 0.0,
        "IoU.bus": 0.0,
        "IoU.train": 0.9788999938964844,
        "IoU.motorcycle": 0.0,
        "IoU.bicycle": 0.0,
        "Acc.road": 0.9955000305175781,
        "Acc.sidewalk": 0.979800033569336,
        "Acc.building": 0.9888999938964844,
        "Acc.wall": 0.9683000183105469,
        "Acc.fence": 0.9801000213623047,
        "Acc.pole": 0.8855000305175781,
        "Acc.traffic light": 0.957699966430664,
        "Acc.traffic sign": 0.9229000091552735,
        "Acc.vegetation": 0.9870999908447265,
        "Acc.terrain": 0.9412000274658203,
        "Acc.sky": 0.9983999633789062,
        "Acc.person": 0.9538999938964844,
        "Acc.rider": 0.0,
        "Acc.car": 0.975999984741211,
        "Acc.truck": 0.0,
        "Acc.bus": NaN,
        "Acc.train": 0.9931999969482422,
        "Acc.motorcycle": 0.0,
        "Acc.bicycle": 0.0
    }
}