{
    "config": "work/week25/exp3.py",
    "metric": {
        "aAcc": 0.9937999999999999,
        "mIoU": 0.8876999999999999,
        "mAcc": 0.9752,
        "IoU.road": 0.9961000061035157,
        "IoU.sidewalk": 0.9794000244140625,
        "IoU.building": 0.9897000122070313,
        "IoU.wall": 0.966500015258789,
        "IoU.fence": 0.9548999786376953,
        "IoU.pole": 0.9091999816894532,
        "IoU.traffic light": 0.9094999694824218,
        "IoU.traffic sign": 0.9273999786376953,
        "IoU.vegetation": 0.9883999633789062,
        "IoU.terrain": 0.9459999847412109,
        "IoU.sky": 0.9952999877929688,
        "IoU.person": 0.915199966430664,
        "IoU.rider": 0.835,
        "IoU.car": 0.949800033569336,
        "IoU.truck": 0.7433000183105469,
        "IoU.bus": 0.0,
        "IoU.train": 0.9811000061035157,
        "IoU.motorcycle": 0.9363999938964844,
        "IoU.bicycle": 0.9425,
        "Acc.road": 0.9969999694824219,
        "Acc.sidewalk": 0.9875,
        "Acc.building": 0.9937999725341797,
        "Acc.wall": 0.9818000030517579,
        "Acc.fence": 0.9908000183105469,
        "Acc.pole": 0.9629000091552734,
        "Acc.traffic light": 0.9829000091552734,
        "Acc.traffic sign": 0.9676000213623047,
        "Acc.vegetation": 0.9925,
        "Acc.terrain": 0.9831999969482422,
        "Acc.sky": 0.9991000366210937,
        "Acc.person": 0.9552999877929688,
        "Acc.rider": 0.9119999694824219,
        "Acc.car": 0.9816000366210937,
        "Acc.truck": 0.9255999755859375,
        "Acc.bus": NaN,
        "Acc.train": 0.9911000061035157,
        "Acc.motorcycle": 0.9705000305175782,
        "Acc.bicycle": 0.9780999755859375
    }
}