{
    "config": "work/week25/exp8.py",
    "metric": {
        "aAcc": 0.9909,
        "mIoU": 0.9186,
        "mAcc": 0.9611,
        "IoU.road": 0.9944999694824219,
        "IoU.sidewalk": 0.9712999725341797,
        "IoU.building": 0.9845999908447266,
        "IoU.wall": 0.928499984741211,
        "IoU.fence": 0.9483000183105469,
        "IoU.pole": 0.8581999969482422,
        "IoU.traffic light": 0.8947000122070312,
        "IoU.traffic sign": 0.9048000335693359,
        "IoU.vegetation": 0.9837000274658203,
        "IoU.terrain": 0.9255000305175781,
        "IoU.sky": 0.9905999755859375,
        "IoU.person": 0.8875,
        "IoU.rider": 0.7916000366210938,
        "IoU.car": 0.9383999633789063,
        "IoU.truck": 0.7308000183105469,
        "IoU.bus": NaN,
        "IoU.train": 0.9777999877929687,
        "IoU.motorcycle": 0.905,
        "IoU.bicycle": 0.9183999633789063,
        "Acc.road": 0.9963999938964844,
        "Acc.sidewalk": 0.9811000061035157,
        "Acc.building": 0.989800033569336,
        "Acc.wall": 0.9456999969482421,
        "Acc.fence": 0.984800033569336,
        "Acc.pole": 0.9119000244140625,
        "Acc.traffic light": 0.9722000122070312,
        "Acc.traffic sign": 0.9402999877929688,
        "Acc.vegetation": 0.9937000274658203,
        "Acc.terrain": 0.9697000122070313,
        "Acc.sky": 0.9987000274658203,
        "Acc.person": 0.9241000366210937,
        "Acc.rider": 0.8851000213623047,
        "Acc.car": 0.9769000244140625,
        "Acc.truck": 0.8827999877929688,
        "Acc.bus": NaN,
        "Acc.train": 0.9955999755859375,
        "Acc.motorcycle": 0.9720999908447265,
        "Acc.bicycle": 0.9787999725341797
    }
}