{
    "config": "work/week25/exp8.py",
    "metric": {
        "aAcc": 0.9932,
        "mIoU": 0.8879,
        "mAcc": 0.9712000000000001,
        "IoU.road": 0.9961000061035157,
        "IoU.sidewalk": 0.9808000183105469,
        "IoU.building": 0.9880999755859375,
        "IoU.wall": 0.9662999725341797,
        "IoU.fence": 0.9544999694824219,
        "IoU.pole": 0.8723000335693359,
        "IoU.traffic light": 0.9029000091552735,
        "IoU.traffic sign": 0.9161000061035156,
        "IoU.vegetation": 0.9875,
        "IoU.terrain": 0.951500015258789,
        "IoU.sky": 0.9941999816894531,
        "IoU.person": 0.8988999938964843,
        "IoU.rider": 0.802300033569336,
        "IoU.car": 0.9469000244140625,
        "IoU.truck": 0.8719999694824219,
        "IoU.bus": 0.0,
        "IoU.train": 0.9723999786376953,
        "IoU.motorcycle": 0.9297000122070312,
        "IoU.bicycle": 0.9381999969482422,
        "Acc.road": 0.9976000213623046,
        "Acc.sidewalk": 0.9879000091552734,
        "Acc.building": 0.9926000213623047,
        "Acc.wall": 0.9818000030517579,
        "Acc.fence": 0.9908000183105469,
        "Acc.pole": 0.9409999847412109,
        "Acc.traffic light": 0.9745999908447266,
        "Acc.traffic sign": 0.9593000030517578,
        "Acc.vegetation": 0.9926000213623047,
        "Acc.terrain": 0.9751000213623047,
        "Acc.sky": 0.9986000061035156,
        "Acc.person": 0.9462999725341796,
        "Acc.rider": 0.8738999938964844,
        "Acc.car": 0.9823999786376953,
        "Acc.truck": 0.965,
        "Acc.bus": NaN,
        "Acc.train": 0.98,
        "Acc.motorcycle": 0.9694000244140625,
        "Acc.bicycle": 0.9723000335693359
    }
}