{
    "config": "work/config_mobilenet_deeplabv3+_dannet_perturb.py",
    "metric": {
        "aAcc": 0.0015,
        "mIoU": 0.0007000000000000001,
        "mAcc": 0.0345,
        "IoU.road": 0.002199999988079071,
        "IoU.sidewalk": 0.004900000095367432,
        "IoU.building": 0.0,
        "IoU.wall": 0.0,
        "IoU.fence": 0.0007000000029802323,
        "IoU.pole": 0.0,
        "IoU.traffic light": 0.0,
        "IoU.traffic sign": 0.0,
        "IoU.vegetation": 0.0,
        "IoU.terrain": 0.004699999988079071,
        "IoU.sky": 0.0,
        "IoU.person": 0.0,
        "IoU.rider": 0.0,
        "IoU.car": 0.0,
        "IoU.truck": 0.0,
        "IoU.bus": NaN,
        "IoU.train": 0.0,
        "IoU.motorcycle": 0.00029999999329447744,
        "IoU.bicycle": 0.0,
        "Acc.road": 0.0027000001072883606,
        "Acc.sidewalk": 0.005199999809265137,
        "Acc.building": 0.0,
        "Acc.wall": 0.0,
        "Acc.fence": 0.0007000000029802323,
        "Acc.pole": 0.0,
        "Acc.traffic light": 0.0,
        "Acc.traffic sign": 0.0,
        "Acc.vegetation": 0.0,
        "Acc.terrain": 0.005299999713897705,
        "Acc.sky": 0.0,
        "Acc.person": 0.0,
        "Acc.rider": 0.0011999999731779098,
        "Acc.car": 0.0,
        "Acc.truck": 0.0,
        "Acc.bus": NaN,
        "Acc.train": 0.0,
        "Acc.motorcycle": 0.6063999938964844,
        "Acc.bicycle": 0.0
    }
}