{
    "config": "work/config_mobilenet_deeplabv3+_dannet_perturb.py",
    "metric": {
        "aAcc": 0.046799999999999994,
        "mIoU": 0.0074,
        "mAcc": 0.06,
        "IoU.road": 0.0014000000059604645,
        "IoU.sidewalk": 0.10550000190734864,
        "IoU.building": 0.0,
        "IoU.wall": 0.0,
        "IoU.fence": 0.00039999999105930326,
        "IoU.pole": 0.0,
        "IoU.traffic light": 0.0010000000149011613,
        "IoU.traffic sign": 0.00550000011920929,
        "IoU.vegetation": 0.0005999999865889549,
        "IoU.terrain": 0.008600000143051147,
        "IoU.sky": 0.0,
        "IoU.person": 0.0,
        "IoU.rider": 0.0005999999865889549,
        "IoU.car": 0.015299999713897705,
        "IoU.truck": 0.0009000000357627869,
        "IoU.bus": 0.0,
        "IoU.train": 0.0,
        "IoU.motorcycle": 0.00019999999552965163,
        "IoU.bicycle": 0.0,
        "Acc.road": 0.001599999964237213,
        "Acc.sidewalk": 0.5195000076293945,
        "Acc.building": 0.0,
        "Acc.wall": 0.0,
        "Acc.fence": 0.0005000000074505806,
        "Acc.pole": 0.0,
        "Acc.traffic light": 0.0020000000298023225,
        "Acc.traffic sign": 0.04539999961853027,
        "Acc.vegetation": 0.0005999999865889549,
        "Acc.terrain": 0.05420000076293945,
        "Acc.sky": 0.0,
        "Acc.person": 0.0,
        "Acc.rider": 0.010800000429153443,
        "Acc.car": 0.12170000076293945,
        "Acc.truck": 0.07980000019073487,
        "Acc.bus": NaN,
        "Acc.train": 0.0,
        "Acc.motorcycle": 0.24459999084472656,
        "Acc.bicycle": 0.0
    }
}