{
    "config": "/home/sidd_s/mmseg_mod/configs/segformer/segformer_mit-b2_8x1_1024x1024_160k_cityscapes.py",
    "metric": {
        "aAcc": 0.9322,
        "mIoU": 0.6481999999999999,
        "mAcc": 0.7444,
        "IoU.road": 0.9655999755859375,
        "IoU.sidewalk": 0.7577999877929688,
        "IoU.building": 0.8769000244140625,
        "IoU.wall": 0.5477999877929688,
        "IoU.fence": 0.44549999237060545,
        "IoU.pole": 0.39599998474121095,
        "IoU.traffic light": 0.4615999984741211,
        "IoU.traffic sign": 0.5777000045776367,
        "IoU.vegetation": 0.875999984741211,
        "IoU.terrain": 0.5620999908447266,
        "IoU.sky": 0.9094999694824218,
        "IoU.person": 0.6395000076293945,
        "IoU.rider": 0.41970001220703124,
        "IoU.car": 0.8877999877929688,
        "IoU.truck": 0.6751000213623047,
        "IoU.bus": 0.7291000366210938,
        "IoU.train": 0.612599983215332,
        "IoU.motorcycle": 0.37340000152587893,
        "IoU.bicycle": 0.601500015258789,
        "Acc.road": 0.9773000335693359,
        "Acc.sidewalk": 0.8577999877929687,
        "Acc.building": 0.9451000213623046,
        "Acc.wall": 0.6366999816894531,
        "Acc.fence": 0.5872999954223633,
        "Acc.pole": 0.47889999389648436,
        "Acc.traffic light": 0.5622000122070312,
        "Acc.traffic sign": 0.6619000244140625,
        "Acc.vegetation": 0.9511000061035156,
        "Acc.terrain": 0.6930000305175781,
        "Acc.sky": 0.9475,
        "Acc.person": 0.8081999969482422,
        "Acc.rider": 0.5270000076293946,
        "Acc.car": 0.959800033569336,
        "Acc.truck": 0.747699966430664,
        "Acc.bus": 0.7894000244140625,
        "Acc.train": 0.7491999816894531,
        "Acc.motorcycle": 0.47560001373291017,
        "Acc.bicycle": 0.7876000213623047
    }
}