{
    "config": "/home/sidd_s/mmseg_mod/configs/segformer/segformer_mit-b2_8x1_1024x1024_160k_cityscapes.py",
    "metric": {
        "aAcc": 0.9629000000000001,
        "mIoU": 0.8003,
        "mAcc": 0.8687,
        "IoU.road": 0.9825,
        "IoU.sidewalk": 0.8556999969482422,
        "IoU.building": 0.928499984741211,
        "IoU.wall": 0.6459999847412109,
        "IoU.fence": 0.6088000106811523,
        "IoU.pole": 0.6694000244140625,
        "IoU.traffic light": 0.722699966430664,
        "IoU.traffic sign": 0.8063999938964844,
        "IoU.vegetation": 0.9248000335693359,
        "IoU.terrain": 0.6284000015258789,
        "IoU.sky": 0.9520999908447265,
        "IoU.person": 0.8258999633789063,
        "IoU.rider": 0.6379000091552735,
        "IoU.car": 0.9527999877929687,
        "IoU.truck": 0.8462999725341797,
        "IoU.bus": 0.9130999755859375,
        "IoU.train": 0.8143000030517578,
        "IoU.motorcycle": 0.7080000305175781,
        "IoU.bicycle": 0.7826000213623047,
        "Acc.road": 0.9902999877929688,
        "Acc.sidewalk": 0.9262000274658203,
        "Acc.building": 0.9666999816894531,
        "Acc.wall": 0.7147000122070313,
        "Acc.fence": 0.689800033569336,
        "Acc.pole": 0.779000015258789,
        "Acc.traffic light": 0.8162000274658203,
        "Acc.traffic sign": 0.8815000152587891,
        "Acc.vegetation": 0.9683999633789062,
        "Acc.terrain": 0.7091999816894531,
        "Acc.sky": 0.9806999969482422,
        "Acc.person": 0.9144999694824218,
        "Acc.rider": 0.7752999877929687,
        "Acc.car": 0.9787999725341797,
        "Acc.truck": 0.8872000122070313,
        "Acc.bus": 0.9488999938964844,
        "Acc.train": 0.8688999938964844,
        "Acc.motorcycle": 0.8066999816894531,
        "Acc.bicycle": 0.9029000091552735
    }
}