{
    "config": "/home/sidd_s/mmseg_mod/configs/segformer/segformer_mit-b2_cityscapes_custom.py",
    "metric": {
        "aAcc": 0.5692,
        "mIoU": 0.136,
        "mAcc": 0.2102,
        "IoU.road": 0.6531999969482422,
        "IoU.sidewalk": 0.13130000114440918,
        "IoU.building": 0.38880001068115233,
        "IoU.wall": 0.09319999694824219,
        "IoU.fence": 0.10529999732971192,
        "IoU.pole": 0.018899999856948853,
        "IoU.traffic light": 0.013899999856948852,
        "IoU.traffic sign": 0.02559999942779541,
        "IoU.vegetation": 0.3597999954223633,
        "IoU.terrain": 0.06889999866485595,
        "IoU.sky": 0.18239999771118165,
        "IoU.person": 0.10689999580383301,
        "IoU.rider": 0.02309999942779541,
        "IoU.car": 0.19860000610351564,
        "IoU.truck": 0.025099999904632568,
        "IoU.bus": 0.10010000228881837,
        "IoU.train": 0.0125,
        "IoU.motorcycle": 0.002800000011920929,
        "IoU.bicycle": 0.0734000015258789,
        "Acc.road": 0.819800033569336,
        "Acc.sidewalk": 0.22209999084472656,
        "Acc.building": 0.5263999938964844,
        "Acc.wall": 0.12489999771118164,
        "Acc.fence": 0.19969999313354492,
        "Acc.pole": 0.03329999923706055,
        "Acc.traffic light": 0.025399999618530275,
        "Acc.traffic sign": 0.04489999771118164,
        "Acc.vegetation": 0.5213999938964844,
        "Acc.terrain": 0.12949999809265136,
        "Acc.sky": 0.275,
        "Acc.person": 0.24639999389648437,
        "Acc.rider": 0.05309999942779541,
        "Acc.car": 0.36700000762939455,
        "Acc.truck": 0.042600002288818356,
        "Acc.bus": 0.17969999313354493,
        "Acc.train": 0.02309999942779541,
        "Acc.motorcycle": 0.006200000047683716,
        "Acc.bicycle": 0.15260000228881837
    }
}