{
    "config": "/home/sidd_s/mmseg_mod/configs/segformer/segformer_mit-b2_cityscapes_custom.py",
    "metric": {
        "aAcc": 0.8493,
        "mIoU": 0.5778,
        "mAcc": 0.6815000000000001,
        "IoU.road": 0.8252999877929688,
        "IoU.sidewalk": 0.6002999877929688,
        "IoU.building": 0.7355000305175782,
        "IoU.wall": 0.23950000762939452,
        "IoU.fence": 0.5011000061035156,
        "IoU.pole": 0.46310001373291015,
        "IoU.traffic light": 0.5522999954223633,
        "IoU.traffic sign": 0.5913999938964843,
        "IoU.vegetation": 0.7330999755859375,
        "IoU.terrain": 0.47380001068115235,
        "IoU.sky": 0.7134999847412109,
        "IoU.person": 0.5343999862670898,
        "IoU.rider": 0.4391999816894531,
        "IoU.car": 0.7351999664306641,
        "IoU.truck": 0.665,
        "IoU.bus": 0.5761000061035156,
        "IoU.train": 0.6515000152587891,
        "IoU.motorcycle": 0.41130001068115235,
        "IoU.bicycle": 0.5359999847412109,
        "Acc.road": 0.9477999877929687,
        "Acc.sidewalk": 0.6855999755859375,
        "Acc.building": 0.8387000274658203,
        "Acc.wall": 0.5070999908447266,
        "Acc.fence": 0.6038000106811523,
        "Acc.pole": 0.5652000045776367,
        "Acc.traffic light": 0.6579000091552735,
        "Acc.traffic sign": 0.6913999938964843,
        "Acc.vegetation": 0.8394999694824219,
        "Acc.terrain": 0.5668999862670898,
        "Acc.sky": 0.7922000122070313,
        "Acc.person": 0.6462999725341797,
        "Acc.rider": 0.5463999938964844,
        "Acc.car": 0.7955999755859375,
        "Acc.truck": 0.7316000366210937,
        "Acc.bus": 0.6390999984741211,
        "Acc.train": 0.7412000274658204,
        "Acc.motorcycle": 0.4961000061035156,
        "Acc.bicycle": 0.6555999755859375
    }
}