{
    "config": "/home/sidd_s/mmseg_mod/configs/segformer/segformer_mit-b2_cityscapes_custom.py",
    "metric": {
        "aAcc": 0.7617,
        "mIoU": 0.3714,
        "mAcc": 0.5186,
        "IoU.road": 0.8533000183105469,
        "IoU.sidewalk": 0.36709999084472655,
        "IoU.building": 0.6056000137329102,
        "IoU.wall": 0.2769000053405762,
        "IoU.fence": 0.2806999969482422,
        "IoU.pole": 0.24559999465942384,
        "IoU.traffic light": 0.2493000030517578,
        "IoU.traffic sign": 0.311299991607666,
        "IoU.vegetation": 0.5395999908447265,
        "IoU.terrain": 0.21510000228881837,
        "IoU.sky": 0.4856000137329102,
        "IoU.person": 0.3752000045776367,
        "IoU.rider": 0.22719999313354491,
        "IoU.car": 0.487400016784668,
        "IoU.truck": 0.3566999816894531,
        "IoU.bus": 0.15560000419616699,
        "IoU.train": 0.4754000091552734,
        "IoU.motorcycle": 0.24979999542236328,
        "IoU.bicycle": 0.29889999389648436,
        "Acc.road": 0.9187000274658204,
        "Acc.sidewalk": 0.5493999862670899,
        "Acc.building": 0.7594000244140625,
        "Acc.wall": 0.39810001373291015,
        "Acc.fence": 0.40290000915527346,
        "Acc.pole": 0.3915999984741211,
        "Acc.traffic light": 0.40599998474121096,
        "Acc.traffic sign": 0.48330001831054686,
        "Acc.vegetation": 0.7019000244140625,
        "Acc.terrain": 0.3320999908447266,
        "Acc.sky": 0.6575,
        "Acc.person": 0.5477000045776367,
        "Acc.rider": 0.36380001068115236,
        "Acc.car": 0.650199966430664,
        "Acc.truck": 0.5070000076293946,
        "Acc.bus": 0.2665999984741211,
        "Acc.train": 0.6445999908447265,
        "Acc.motorcycle": 0.405,
        "Acc.bicycle": 0.4686000061035156
    }
}