{
    "config": "/home/guest/scratch/siddharth/models/mmseg_mod/configs/segformer/segformer_mit-b2_cityscapes_custom.py",
    "metric": {
        "aAcc": 0.8353,
        "mIoU": 0.5799,
        "mAcc": 0.6228,
        "IoU.road": 0.7280999755859375,
        "IoU.sidewalk": 0.7970999908447266,
        "IoU.building": 0.7468000030517579,
        "IoU.wall": 0.6277999877929688,
        "IoU.fence": 0.5793999862670899,
        "IoU.pole": 0.4290999984741211,
        "IoU.traffic light": 0.47139999389648435,
        "IoU.traffic sign": 0.5031999969482421,
        "IoU.vegetation": 0.702699966430664,
        "IoU.terrain": 0.6954000091552734,
        "IoU.sky": 0.8045999908447266,
        "IoU.person": 0.47720001220703123,
        "IoU.rider": 0.30840000152587893,
        "IoU.car": 0.6525,
        "IoU.truck": 0.48189998626708985,
        "IoU.bus": 0.41950000762939454,
        "IoU.train": 0.47869998931884766,
        "IoU.motorcycle": 0.562400016784668,
        "IoU.bicycle": 0.5518999862670898,
        "Acc.road": 0.9948999786376953,
        "Acc.sidewalk": 0.8573000335693359,
        "Acc.building": 0.7825,
        "Acc.wall": 0.6620999908447266,
        "Acc.fence": 0.6523999786376953,
        "Acc.pole": 0.485,
        "Acc.traffic light": 0.502400016784668,
        "Acc.traffic sign": 0.524000015258789,
        "Acc.vegetation": 0.7338999938964844,
        "Acc.terrain": 0.7283999633789062,
        "Acc.sky": 0.8247000122070313,
        "Acc.person": 0.4936000061035156,
        "Acc.rider": 0.32119998931884763,
        "Acc.car": 0.6612999725341797,
        "Acc.truck": 0.5020999908447266,
        "Acc.bus": 0.4331000137329102,
        "Acc.train": 0.4906999969482422,
        "Acc.motorcycle": 0.5911999893188477,
        "Acc.bicycle": 0.5927999877929687
    }
}