{
    "config": "/home/sidd_s/mmseg_mod/configs/segformer/segformer_mit-b2_cityscapes_custom.py",
    "metric": {
        "aAcc": 0.9342,
        "mIoU": 0.7441,
        "mAcc": 0.8092,
        "IoU.road": 0.917300033569336,
        "IoU.sidewalk": 0.808499984741211,
        "IoU.building": 0.8870999908447266,
        "IoU.wall": 0.6011000061035157,
        "IoU.fence": 0.590999984741211,
        "IoU.pole": 0.6156000137329102,
        "IoU.traffic light": 0.6926999664306641,
        "IoU.traffic sign": 0.7647000122070312,
        "IoU.vegetation": 0.8859999847412109,
        "IoU.terrain": 0.6008000183105469,
        "IoU.sky": 0.9108000183105469,
        "IoU.person": 0.7433000183105469,
        "IoU.rider": 0.5684000015258789,
        "IoU.car": 0.8829000091552734,
        "IoU.truck": 0.6468000030517578,
        "IoU.bus": 0.847699966430664,
        "IoU.train": 0.7980999755859375,
        "IoU.motorcycle": 0.6627999877929688,
        "IoU.bicycle": 0.7112999725341796,
        "Acc.road": 0.9904000091552735,
        "Acc.sidewalk": 0.8747000122070312,
        "Acc.building": 0.93,
        "Acc.wall": 0.6530999755859375,
        "Acc.fence": 0.6772000122070313,
        "Acc.pole": 0.7219999694824218,
        "Acc.traffic light": 0.7825,
        "Acc.traffic sign": 0.8283000183105469,
        "Acc.vegetation": 0.9287999725341797,
        "Acc.terrain": 0.6768000030517578,
        "Acc.sky": 0.9394999694824219,
        "Acc.person": 0.808499984741211,
        "Acc.rider": 0.6680000305175782,
        "Acc.car": 0.9108000183105469,
        "Acc.truck": 0.6813999938964844,
        "Acc.bus": 0.8841000366210937,
        "Acc.train": 0.8655000305175782,
        "Acc.motorcycle": 0.7462999725341797,
        "Acc.bicycle": 0.8061000061035156
    }
}