{
    "config": "/home/sidd_s/mmseg_mod/configs/segformer/segformer_mit-b2_cityscapes_custom.py",
    "metric": {
        "aAcc": 0.8351999999999999,
        "mIoU": 0.5359,
        "mAcc": 0.6509,
        "IoU.road": 0.8105000305175781,
        "IoU.sidewalk": 0.6220999908447266,
        "IoU.building": 0.7251999664306641,
        "IoU.wall": 0.16969999313354492,
        "IoU.fence": 0.465099983215332,
        "IoU.pole": 0.42540000915527343,
        "IoU.traffic light": 0.48939998626708986,
        "IoU.traffic sign": 0.4936999893188477,
        "IoU.vegetation": 0.7013999938964843,
        "IoU.terrain": 0.42970001220703125,
        "IoU.sky": 0.6947000122070313,
        "IoU.person": 0.5352999877929687,
        "IoU.rider": 0.36189998626708986,
        "IoU.car": 0.7186000061035156,
        "IoU.truck": 0.44290000915527344,
        "IoU.bus": 0.6975,
        "IoU.train": 0.4015999984741211,
        "IoU.motorcycle": 0.49080001831054687,
        "IoU.bicycle": 0.5066999816894531,
        "Acc.road": 0.9291000366210938,
        "Acc.sidewalk": 0.7008000183105468,
        "Acc.building": 0.8298999786376953,
        "Acc.wall": 0.515099983215332,
        "Acc.fence": 0.5763999938964843,
        "Acc.pole": 0.5277999877929688,
        "Acc.traffic light": 0.5877999877929687,
        "Acc.traffic sign": 0.5906999969482422,
        "Acc.vegetation": 0.8304000091552735,
        "Acc.terrain": 0.5170999908447266,
        "Acc.sky": 0.7808000183105469,
        "Acc.person": 0.6401000213623047,
        "Acc.rider": 0.4379999923706055,
        "Acc.car": 0.7745999908447265,
        "Acc.truck": 0.5593000030517579,
        "Acc.bus": 0.7530000305175781,
        "Acc.train": 0.6190999984741211,
        "Acc.motorcycle": 0.5879000091552734,
        "Acc.bicycle": 0.6086000061035156
    }
}