{
    "config": "/home/sidd_s/mmseg_mod/configs/segformer/segformer_mit-b2_cityscapes_custom.py",
    "metric": {
        "aAcc": 0.8519,
        "mIoU": 0.5704,
        "mAcc": 0.6826000000000001,
        "IoU.road": 0.8388999938964844,
        "IoU.sidewalk": 0.6154999923706055,
        "IoU.building": 0.7430000305175781,
        "IoU.wall": 0.2673999977111816,
        "IoU.fence": 0.44159999847412107,
        "IoU.pole": 0.4291999816894531,
        "IoU.traffic light": 0.48220001220703124,
        "IoU.traffic sign": 0.5233000183105468,
        "IoU.vegetation": 0.7302999877929688,
        "IoU.terrain": 0.4565000152587891,
        "IoU.sky": 0.7243000030517578,
        "IoU.person": 0.5145999908447265,
        "IoU.rider": 0.4377000045776367,
        "IoU.car": 0.710999984741211,
        "IoU.truck": 0.5884999847412109,
        "IoU.bus": 0.6558999633789062,
        "IoU.train": 0.6118999862670899,
        "IoU.motorcycle": 0.49459999084472656,
        "IoU.bicycle": 0.5718000030517578,
        "Acc.road": 0.9445999908447266,
        "Acc.sidewalk": 0.7166999816894531,
        "Acc.building": 0.852699966430664,
        "Acc.wall": 0.5393999862670898,
        "Acc.fence": 0.5656999969482421,
        "Acc.pole": 0.538499984741211,
        "Acc.traffic light": 0.5793000030517578,
        "Acc.traffic sign": 0.6304000091552734,
        "Acc.vegetation": 0.8418000030517578,
        "Acc.terrain": 0.5222999954223633,
        "Acc.sky": 0.8162000274658203,
        "Acc.person": 0.619900016784668,
        "Acc.rider": 0.5379999923706055,
        "Acc.car": 0.7787999725341797,
        "Acc.truck": 0.6783000183105469,
        "Acc.bus": 0.7666999816894531,
        "Acc.train": 0.737699966430664,
        "Acc.motorcycle": 0.6213999938964844,
        "Acc.bicycle": 0.6802999877929687
    }
}