{
    "config": "/home/sidd_s/mmseg_mod/configs/segformer/segformer_mit-b2_cityscapes_custom.py",
    "metric": {
        "aAcc": 0.3276,
        "mIoU": 0.0742,
        "mAcc": 0.1381,
        "IoU.road": 0.2022999954223633,
        "IoU.sidewalk": 0.01600000023841858,
        "IoU.building": 0.35950000762939455,
        "IoU.wall": 0.010299999713897705,
        "IoU.fence": 0.03180000066757202,
        "IoU.pole": 0.03200000047683716,
        "IoU.traffic light": 0.0027000001072883606,
        "IoU.traffic sign": 0.05190000057220459,
        "IoU.vegetation": 0.3227000045776367,
        "IoU.terrain": 0.00019999999552965163,
        "IoU.sky": 9.999999776482581e-05,
        "IoU.person": 0.02200000047683716,
        "IoU.rider": 0.0009000000357627869,
        "IoU.car": 0.1934000015258789,
        "IoU.truck": 0.03059999942779541,
        "IoU.bus": 0.034000000953674316,
        "IoU.train": 0.0,
        "IoU.motorcycle": 0.01740000009536743,
        "IoU.bicycle": 0.08289999961853027,
        "Acc.road": 0.20629999160766602,
        "Acc.sidewalk": 0.01740000009536743,
        "Acc.building": 0.5841999816894531,
        "Acc.wall": 0.4775,
        "Acc.fence": 0.08399999618530274,
        "Acc.pole": 0.035,
        "Acc.traffic light": 0.0027000001072883606,
        "Acc.traffic sign": 0.0575,
        "Acc.vegetation": 0.5154000091552734,
        "Acc.terrain": 0.00019999999552965163,
        "Acc.sky": 9.999999776482581e-05,
        "Acc.person": 0.0225,
        "Acc.rider": 0.0010000000149011613,
        "Acc.car": 0.3858000183105469,
        "Acc.truck": 0.04719999790191651,
        "Acc.bus": 0.03789999961853027,
        "Acc.train": 0.0,
        "Acc.motorcycle": 0.019700000286102293,
        "Acc.bicycle": 0.12989999771118163
    }
}