{
    "config": "/home/guest/scratch/siddharth/models/mmseg_mod/configs/segformer/segformer_mit-b2_cityscapes_custom.py",
    "metric": {
        "aAcc": 0.7020000000000001,
        "mIoU": 0.2354,
        "mAcc": 0.3319,
        "IoU.road": 0.8206999969482421,
        "IoU.sidewalk": 0.2645999908447266,
        "IoU.building": 0.513400001525879,
        "IoU.wall": 0.17989999771118165,
        "IoU.fence": 0.21709999084472656,
        "IoU.pole": 0.03519999980926514,
        "IoU.traffic light": 0.024600000381469728,
        "IoU.traffic sign": 0.048899998664855955,
        "IoU.vegetation": 0.47689998626708985,
        "IoU.terrain": 0.14640000343322754,
        "IoU.sky": 0.3258000183105469,
        "IoU.person": 0.16450000762939454,
        "IoU.rider": 0.06269999980926513,
        "IoU.car": 0.33419998168945314,
        "IoU.truck": 0.171299991607666,
        "IoU.bus": 0.27010000228881836,
        "IoU.train": 0.16459999084472657,
        "IoU.motorcycle": 0.09869999885559082,
        "IoU.bicycle": 0.15279999732971192,
        "Acc.road": 0.970999984741211,
        "Acc.sidewalk": 0.33689998626708983,
        "Acc.building": 0.6375999832153321,
        "Acc.wall": 0.21510000228881837,
        "Acc.fence": 0.26110000610351564,
        "Acc.pole": 0.060999999046325686,
        "Acc.traffic light": 0.04659999847412109,
        "Acc.traffic sign": 0.09420000076293945,
        "Acc.vegetation": 0.6538999938964843,
        "Acc.terrain": 0.18719999313354493,
        "Acc.sky": 0.6227000045776367,
        "Acc.person": 0.2954000091552734,
        "Acc.rider": 0.11930000305175781,
        "Acc.car": 0.4386999893188477,
        "Acc.truck": 0.27,
        "Acc.bus": 0.4608000183105469,
        "Acc.train": 0.22719999313354491,
        "Acc.motorcycle": 0.16719999313354492,
        "Acc.bicycle": 0.23979999542236327
    }
}