{
    "config": "/home/sidd_s/mmseg_mod/configs/segformer/segformer_mit-b2_cityscapes_custom.py",
    "metric": {
        "aAcc": 0.8571,
        "mIoU": 0.5817,
        "mAcc": 0.6907,
        "IoU.road": 0.8341999816894531,
        "IoU.sidewalk": 0.6641000366210937,
        "IoU.building": 0.7598000335693359,
        "IoU.wall": 0.2646999931335449,
        "IoU.fence": 0.47569999694824217,
        "IoU.pole": 0.45630001068115233,
        "IoU.traffic light": 0.48509998321533204,
        "IoU.traffic sign": 0.5559999847412109,
        "IoU.vegetation": 0.7325,
        "IoU.terrain": 0.4234999847412109,
        "IoU.sky": 0.7208000183105469,
        "IoU.person": 0.555099983215332,
        "IoU.rider": 0.4279999923706055,
        "IoU.car": 0.7329000091552734,
        "IoU.truck": 0.6566000366210938,
        "IoU.bus": 0.5854999923706055,
        "IoU.train": 0.6558000183105469,
        "IoU.motorcycle": 0.500099983215332,
        "IoU.bicycle": 0.5654999923706054,
        "Acc.road": 0.9429000091552734,
        "Acc.sidewalk": 0.750999984741211,
        "Acc.building": 0.8623000335693359,
        "Acc.wall": 0.5122000122070313,
        "Acc.fence": 0.5711000061035156,
        "Acc.pole": 0.5629999923706055,
        "Acc.traffic light": 0.5893999862670899,
        "Acc.traffic sign": 0.6572000122070313,
        "Acc.vegetation": 0.8469000244140625,
        "Acc.terrain": 0.5033000183105468,
        "Acc.sky": 0.8001000213623047,
        "Acc.person": 0.6675,
        "Acc.rider": 0.5209999847412109,
        "Acc.car": 0.7919000244140625,
        "Acc.truck": 0.7693000030517578,
        "Acc.bus": 0.677300033569336,
        "Acc.train": 0.7912999725341797,
        "Acc.motorcycle": 0.6334999847412109,
        "Acc.bicycle": 0.6716999816894531
    }
}