{
    "config": "/home/sidd_s/mmseg_mod/configs/segformer/segformer_mit-b2_cityscapes_custom.py",
    "metric": {
        "aAcc": 0.8262999999999999,
        "mIoU": 0.5346,
        "mAcc": 0.6408,
        "IoU.road": 0.8033000183105469,
        "IoU.sidewalk": 0.594900016784668,
        "IoU.building": 0.7044000244140625,
        "IoU.wall": 0.1647999954223633,
        "IoU.fence": 0.37189998626708987,
        "IoU.pole": 0.4347999954223633,
        "IoU.traffic light": 0.5190999984741211,
        "IoU.traffic sign": 0.5106000137329102,
        "IoU.vegetation": 0.6868000030517578,
        "IoU.terrain": 0.49849998474121093,
        "IoU.sky": 0.6347999954223633,
        "IoU.person": 0.5952999877929688,
        "IoU.rider": 0.45970001220703127,
        "IoU.car": 0.6694000244140625,
        "IoU.truck": 0.3756999969482422,
        "IoU.bus": 0.6038000106811523,
        "IoU.train": 0.4811000061035156,
        "IoU.motorcycle": 0.5209000015258789,
        "IoU.bicycle": 0.5275,
        "Acc.road": 0.9344000244140624,
        "Acc.sidewalk": 0.6768000030517578,
        "Acc.building": 0.8444999694824219,
        "Acc.wall": 0.42209999084472655,
        "Acc.fence": 0.4684000015258789,
        "Acc.pole": 0.5259999847412109,
        "Acc.traffic light": 0.6302999877929687,
        "Acc.traffic sign": 0.610099983215332,
        "Acc.vegetation": 0.7886000061035157,
        "Acc.terrain": 0.5793000030517578,
        "Acc.sky": 0.7280999755859375,
        "Acc.person": 0.6922000122070312,
        "Acc.rider": 0.5566999816894531,
        "Acc.car": 0.7223000335693359,
        "Acc.truck": 0.49540000915527344,
        "Acc.bus": 0.7087999725341797,
        "Acc.train": 0.5427000045776367,
        "Acc.motorcycle": 0.6325,
        "Acc.bicycle": 0.6168999862670899
    }
}