{
    "config": "/home/sidd_s/mmseg_mod/configs/segformer/segformer_mit-b2_cityscapes_custom.py",
    "metric": {
        "aAcc": 0.9164,
        "mIoU": 0.7125,
        "mAcc": 0.7748,
        "IoU.road": 0.8856999969482422,
        "IoU.sidewalk": 0.7783999633789063,
        "IoU.building": 0.856500015258789,
        "IoU.wall": 0.5736999893188477,
        "IoU.fence": 0.5761999893188476,
        "IoU.pole": 0.625,
        "IoU.traffic light": 0.6879000091552734,
        "IoU.traffic sign": 0.7375,
        "IoU.vegetation": 0.8444999694824219,
        "IoU.terrain": 0.5822999954223633,
        "IoU.sky": 0.8841999816894531,
        "IoU.person": 0.7480999755859375,
        "IoU.rider": 0.540099983215332,
        "IoU.car": 0.8422000122070312,
        "IoU.truck": 0.7069999694824218,
        "IoU.bus": 0.8491000366210938,
        "IoU.train": 0.5304000091552734,
        "IoU.motorcycle": 0.6045000076293945,
        "IoU.bicycle": 0.6837999725341797,
        "Acc.road": 0.9895999908447266,
        "Acc.sidewalk": 0.8348999786376953,
        "Acc.building": 0.9287000274658204,
        "Acc.wall": 0.6215999984741211,
        "Acc.fence": 0.6397000122070312,
        "Acc.pole": 0.7072000122070312,
        "Acc.traffic light": 0.775,
        "Acc.traffic sign": 0.7919999694824219,
        "Acc.vegetation": 0.8761000061035156,
        "Acc.terrain": 0.6519999694824219,
        "Acc.sky": 0.91,
        "Acc.person": 0.8105999755859375,
        "Acc.rider": 0.6231999969482422,
        "Acc.car": 0.859800033569336,
        "Acc.truck": 0.821500015258789,
        "Acc.bus": 0.8880999755859375,
        "Acc.train": 0.5565000152587891,
        "Acc.motorcycle": 0.6783000183105469,
        "Acc.bicycle": 0.7568000030517578
    }
}