{
    "config": "/home/sidd_s/mmseg_mod/configs/segformer/segformer_mit-b2_cityscapes_custom.py",
    "metric": {
        "aAcc": 0.8565,
        "mIoU": 0.5693,
        "mAcc": 0.677,
        "IoU.road": 0.8305000305175781,
        "IoU.sidewalk": 0.668499984741211,
        "IoU.building": 0.7419999694824219,
        "IoU.wall": 0.2943000030517578,
        "IoU.fence": 0.4093000030517578,
        "IoU.pole": 0.45919998168945314,
        "IoU.traffic light": 0.48639999389648436,
        "IoU.traffic sign": 0.5533000183105469,
        "IoU.vegetation": 0.7462000274658203,
        "IoU.terrain": 0.5041999816894531,
        "IoU.sky": 0.7463999938964844,
        "IoU.person": 0.5797999954223633,
        "IoU.rider": 0.43599998474121093,
        "IoU.car": 0.7398999786376953,
        "IoU.truck": 0.5984999847412109,
        "IoU.bus": 0.6748000335693359,
        "IoU.train": 0.45439998626708983,
        "IoU.motorcycle": 0.4047999954223633,
        "IoU.bicycle": 0.48889999389648436,
        "Acc.road": 0.9458999633789062,
        "Acc.sidewalk": 0.7498999786376953,
        "Acc.building": 0.8422000122070312,
        "Acc.wall": 0.5731999969482422,
        "Acc.fence": 0.5152000045776367,
        "Acc.pole": 0.5586999893188477,
        "Acc.traffic light": 0.5861000061035156,
        "Acc.traffic sign": 0.6536000061035157,
        "Acc.vegetation": 0.8554000091552735,
        "Acc.terrain": 0.5884000015258789,
        "Acc.sky": 0.8220999908447265,
        "Acc.person": 0.6856999969482422,
        "Acc.rider": 0.5297999954223633,
        "Acc.car": 0.7963999938964844,
        "Acc.truck": 0.7179000091552734,
        "Acc.bus": 0.7913999938964844,
        "Acc.train": 0.5827999877929687,
        "Acc.motorcycle": 0.47900001525878905,
        "Acc.bicycle": 0.5888999938964844
    }
}