{
    "config": "/home/guest/scratch/siddharth/models/mmseg_mod/configs/segformer/segformer_mit-b2_cityscapes_custom.py",
    "metric": {
        "aAcc": 0.8234999999999999,
        "mIoU": 0.5103,
        "mAcc": 0.5611999999999999,
        "IoU.road": 0.729800033569336,
        "IoU.sidewalk": 0.7298999786376953,
        "IoU.building": 0.7316000366210937,
        "IoU.wall": 0.49130001068115237,
        "IoU.fence": 0.46650001525878904,
        "IoU.pole": 0.4165999984741211,
        "IoU.traffic light": 0.42790000915527343,
        "IoU.traffic sign": 0.502400016784668,
        "IoU.vegetation": 0.6959999847412109,
        "IoU.terrain": 0.5270999908447266,
        "IoU.sky": 0.8004000091552734,
        "IoU.person": 0.4134000015258789,
        "IoU.rider": 0.2790999984741211,
        "IoU.car": 0.6204000091552735,
        "IoU.truck": 0.31,
        "IoU.bus": 0.37560001373291013,
        "IoU.train": 0.261200008392334,
        "IoU.motorcycle": 0.3856999969482422,
        "IoU.bicycle": 0.5302999877929687,
        "Acc.road": 0.9912999725341797,
        "Acc.sidewalk": 0.8191000366210938,
        "Acc.building": 0.7816999816894531,
        "Acc.wall": 0.5415999984741211,
        "Acc.fence": 0.5777999877929687,
        "Acc.pole": 0.4741999816894531,
        "Acc.traffic light": 0.4620000076293945,
        "Acc.traffic sign": 0.5254000091552734,
        "Acc.vegetation": 0.7351999664306641,
        "Acc.terrain": 0.5829000091552734,
        "Acc.sky": 0.8258000183105468,
        "Acc.person": 0.43400001525878906,
        "Acc.rider": 0.30010000228881833,
        "Acc.car": 0.6313999938964844,
        "Acc.truck": 0.3245000076293945,
        "Acc.bus": 0.38849998474121095,
        "Acc.train": 0.27329999923706055,
        "Acc.motorcycle": 0.4179999923706055,
        "Acc.bicycle": 0.5761000061035156
    }
}