{
    "config": "/home/sidd_s/mmseg_mod/configs/segformer/segformer_mit-b2_cityscapes_custom.py",
    "metric": {
        "aAcc": 0.7757999999999999,
        "mIoU": 0.3685,
        "mAcc": 0.5147999999999999,
        "IoU.road": 0.859800033569336,
        "IoU.sidewalk": 0.3915999984741211,
        "IoU.building": 0.6366999816894531,
        "IoU.wall": 0.23600000381469727,
        "IoU.fence": 0.2919000053405762,
        "IoU.pole": 0.2631999969482422,
        "IoU.traffic light": 0.3029999923706055,
        "IoU.traffic sign": 0.29989999771118164,
        "IoU.vegetation": 0.5627999877929688,
        "IoU.terrain": 0.22020000457763672,
        "IoU.sky": 0.5275,
        "IoU.person": 0.4165999984741211,
        "IoU.rider": 0.2631999969482422,
        "IoU.car": 0.4991999816894531,
        "IoU.truck": 0.18469999313354493,
        "IoU.bus": 0.2840999984741211,
        "IoU.train": 0.196299991607666,
        "IoU.motorcycle": 0.21219999313354493,
        "IoU.bicycle": 0.35150001525878904,
        "Acc.road": 0.9218000030517578,
        "Acc.sidewalk": 0.5770000076293945,
        "Acc.building": 0.7830999755859375,
        "Acc.wall": 0.35380001068115235,
        "Acc.fence": 0.41830001831054686,
        "Acc.pole": 0.4109000015258789,
        "Acc.traffic light": 0.4704000091552734,
        "Acc.traffic sign": 0.4729000091552734,
        "Acc.vegetation": 0.7213999938964843,
        "Acc.terrain": 0.34240001678466797,
        "Acc.sky": 0.6934999847412109,
        "Acc.person": 0.5925,
        "Acc.rider": 0.40939998626708984,
        "Acc.car": 0.6608000183105469,
        "Acc.truck": 0.30520000457763674,
        "Acc.bus": 0.44299999237060544,
        "Acc.train": 0.3295999908447266,
        "Acc.motorcycle": 0.34759998321533203,
        "Acc.bicycle": 0.5279999923706055
    }
}