{
    "config": "/home/sidd_s/mmseg_mod/configs/segformer/segformer_mit-b2_cityscapes_custom.py",
    "metric": {
        "aAcc": 0.8219,
        "mIoU": 0.5775,
        "mAcc": 0.6289,
        "IoU.road": 0.7181999969482422,
        "IoU.sidewalk": 0.6480000305175782,
        "IoU.building": 0.7293000030517578,
        "IoU.wall": 0.5636999893188477,
        "IoU.fence": 0.47689998626708985,
        "IoU.pole": 0.5054999923706055,
        "IoU.traffic light": 0.582400016784668,
        "IoU.traffic sign": 0.6159000015258789,
        "IoU.vegetation": 0.7016000366210937,
        "IoU.terrain": 0.494900016784668,
        "IoU.sky": 0.7669999694824219,
        "IoU.person": 0.47709999084472654,
        "IoU.rider": 0.427400016784668,
        "IoU.car": 0.6544999694824218,
        "IoU.truck": 0.6138999938964844,
        "IoU.bus": 0.4988000106811523,
        "IoU.train": 0.5084999847412109,
        "IoU.motorcycle": 0.49700000762939456,
        "IoU.bicycle": 0.49290000915527343,
        "Acc.road": 0.9925,
        "Acc.sidewalk": 0.6841000366210938,
        "Acc.building": 0.7880999755859375,
        "Acc.wall": 0.6208000183105469,
        "Acc.fence": 0.5229000091552735,
        "Acc.pole": 0.5566999816894531,
        "Acc.traffic light": 0.6408999633789062,
        "Acc.traffic sign": 0.6476000213623047,
        "Acc.vegetation": 0.7227999877929687,
        "Acc.terrain": 0.5391999816894532,
        "Acc.sky": 0.7877999877929688,
        "Acc.person": 0.5034999847412109,
        "Acc.rider": 0.46830001831054685,
        "Acc.car": 0.6644999694824218,
        "Acc.truck": 0.6580999755859375,
        "Acc.bus": 0.5322999954223633,
        "Acc.train": 0.5383000183105469,
        "Acc.motorcycle": 0.5493999862670899,
        "Acc.bicycle": 0.5322999954223633
    }
}