{
    "config": "/home/sidd_s/mmseg_mod/configs/segformer/segformer_mit-b2_cityscapes_custom.py",
    "metric": {
        "aAcc": 0.8309000000000001,
        "mIoU": 0.4921,
        "mAcc": 0.5952000000000001,
        "IoU.road": 0.8169000244140625,
        "IoU.sidewalk": 0.46490001678466797,
        "IoU.building": 0.7390000152587891,
        "IoU.wall": 0.4047000122070312,
        "IoU.fence": 0.35560001373291017,
        "IoU.pole": 0.40349998474121096,
        "IoU.traffic light": 0.2393000030517578,
        "IoU.traffic sign": 0.31020000457763675,
        "IoU.vegetation": 0.7181999969482422,
        "IoU.terrain": 0.33740001678466797,
        "IoU.sky": 0.7251999664306641,
        "IoU.person": 0.4293000030517578,
        "IoU.rider": 0.3268000030517578,
        "IoU.car": 0.6102000045776367,
        "IoU.truck": 0.6243000030517578,
        "IoU.bus": 0.5272999954223633,
        "IoU.train": 0.5729999923706055,
        "IoU.motorcycle": 0.37729999542236325,
        "IoU.bicycle": 0.36580001831054687,
        "Acc.road": 0.9905000305175782,
        "Acc.sidewalk": 0.6195999908447266,
        "Acc.building": 0.8102999877929687,
        "Acc.wall": 0.5097000122070312,
        "Acc.fence": 0.45049999237060545,
        "Acc.pole": 0.5068999862670899,
        "Acc.traffic light": 0.33380001068115234,
        "Acc.traffic sign": 0.41970001220703124,
        "Acc.vegetation": 0.7845999908447265,
        "Acc.terrain": 0.4431999969482422,
        "Acc.sky": 0.7516999816894532,
        "Acc.person": 0.5402999877929687,
        "Acc.rider": 0.44279998779296875,
        "Acc.car": 0.7137999725341797,
        "Acc.truck": 0.7162000274658203,
        "Acc.bus": 0.6047000122070313,
        "Acc.train": 0.6912000274658203,
        "Acc.motorcycle": 0.4875,
        "Acc.bicycle": 0.4915999984741211
    }
}