{
    "config": "/home/guest/scratch/siddharth/models/mmseg_mod/configs/segformer/segformer_mit-b2_cityscapes_custom.py",
    "metric": {
        "aAcc": 0.9383,
        "mIoU": 0.7509,
        "mAcc": 0.8162,
        "IoU.road": 0.9258999633789062,
        "IoU.sidewalk": 0.8151000213623046,
        "IoU.building": 0.8944000244140625,
        "IoU.wall": 0.6375,
        "IoU.fence": 0.5538000106811524,
        "IoU.pole": 0.6279999923706054,
        "IoU.traffic light": 0.702699966430664,
        "IoU.traffic sign": 0.7447000122070313,
        "IoU.vegetation": 0.8894000244140625,
        "IoU.terrain": 0.5836000061035156,
        "IoU.sky": 0.9262000274658203,
        "IoU.person": 0.7701000213623047,
        "IoU.rider": 0.5845000076293946,
        "IoU.car": 0.8891999816894531,
        "IoU.truck": 0.7558999633789063,
        "IoU.bus": 0.8441999816894531,
        "IoU.train": 0.7852999877929687,
        "IoU.motorcycle": 0.6059000015258789,
        "IoU.bicycle": 0.7313999938964844,
        "Acc.road": 0.9906999969482422,
        "Acc.sidewalk": 0.8831999969482421,
        "Acc.building": 0.9375,
        "Acc.wall": 0.6991999816894531,
        "Acc.fence": 0.6379999923706055,
        "Acc.pole": 0.7276000213623047,
        "Acc.traffic light": 0.799000015258789,
        "Acc.traffic sign": 0.8058999633789062,
        "Acc.vegetation": 0.9312000274658203,
        "Acc.terrain": 0.6608000183105469,
        "Acc.sky": 0.9551000213623047,
        "Acc.person": 0.8436000061035156,
        "Acc.rider": 0.6848000335693359,
        "Acc.car": 0.9133000183105469,
        "Acc.truck": 0.803499984741211,
        "Acc.bus": 0.8930000305175781,
        "Acc.train": 0.8230999755859375,
        "Acc.motorcycle": 0.6922000122070312,
        "Acc.bicycle": 0.826500015258789
    }
}