{
    "config": "/home/sidd_s/mmseg_mod/configs/segformer/segformer_mit-b2_cityscapes_custom.py",
    "metric": {
        "aAcc": 0.8461,
        "mIoU": 0.5492,
        "mAcc": 0.6491,
        "IoU.road": 0.8137999725341797,
        "IoU.sidewalk": 0.6647000122070312,
        "IoU.building": 0.7487000274658203,
        "IoU.wall": 0.1793000030517578,
        "IoU.fence": 0.4606999969482422,
        "IoU.pole": 0.4631999969482422,
        "IoU.traffic light": 0.5265999984741211,
        "IoU.traffic sign": 0.5465999984741211,
        "IoU.vegetation": 0.7213999938964843,
        "IoU.terrain": 0.4581999969482422,
        "IoU.sky": 0.6597000122070312,
        "IoU.person": 0.5990999984741211,
        "IoU.rider": 0.4634000015258789,
        "IoU.car": 0.7073000335693359,
        "IoU.truck": 0.5338000106811523,
        "IoU.bus": 0.5259000015258789,
        "IoU.train": 0.25459999084472656,
        "IoU.motorcycle": 0.4947999954223633,
        "IoU.bicycle": 0.6122000122070312,
        "Acc.road": 0.9504000091552735,
        "Acc.sidewalk": 0.7411000061035157,
        "Acc.building": 0.8469000244140625,
        "Acc.wall": 0.43270000457763674,
        "Acc.fence": 0.5540000152587891,
        "Acc.pole": 0.5543000030517579,
        "Acc.traffic light": 0.6281000137329101,
        "Acc.traffic sign": 0.6423999786376953,
        "Acc.vegetation": 0.8169000244140625,
        "Acc.terrain": 0.5352999877929687,
        "Acc.sky": 0.7406999969482422,
        "Acc.person": 0.7012999725341796,
        "Acc.rider": 0.5545000076293946,
        "Acc.car": 0.7648999786376953,
        "Acc.truck": 0.6368999862670899,
        "Acc.bus": 0.6227000045776367,
        "Acc.train": 0.32619998931884764,
        "Acc.motorcycle": 0.5763999938964843,
        "Acc.bicycle": 0.7077999877929687
    }
}