{
    "config": "/home/sidd_s/mmseg_mod/configs/segformer/segformer_mit-b2_cityscapes_custom.py",
    "metric": {
        "aAcc": 0.8731,
        "mIoU": 0.6146,
        "mAcc": 0.7345999999999999,
        "IoU.road": 0.8706999969482422,
        "IoU.sidewalk": 0.6909999847412109,
        "IoU.building": 0.7766999816894531,
        "IoU.wall": 0.25790000915527345,
        "IoU.fence": 0.5236999893188476,
        "IoU.pole": 0.49189998626708986,
        "IoU.traffic light": 0.4986999893188477,
        "IoU.traffic sign": 0.6118000030517579,
        "IoU.vegetation": 0.7475,
        "IoU.terrain": 0.5122000122070313,
        "IoU.sky": 0.7087000274658203,
        "IoU.person": 0.6870999908447266,
        "IoU.rider": 0.46869998931884765,
        "IoU.car": 0.7727999877929688,
        "IoU.truck": 0.6719000244140625,
        "IoU.bus": 0.580900001525879,
        "IoU.train": 0.7352999877929688,
        "IoU.motorcycle": 0.4484000015258789,
        "IoU.bicycle": 0.620999984741211,
        "Acc.road": 0.9326000213623047,
        "Acc.sidewalk": 0.7798000335693359,
        "Acc.building": 0.8776000213623046,
        "Acc.wall": 0.5679999923706055,
        "Acc.fence": 0.63,
        "Acc.pole": 0.6036000061035156,
        "Acc.traffic light": 0.6195000076293945,
        "Acc.traffic sign": 0.7263999938964844,
        "Acc.vegetation": 0.8791999816894531,
        "Acc.terrain": 0.6034000015258789,
        "Acc.sky": 0.8041999816894532,
        "Acc.person": 0.8112999725341797,
        "Acc.rider": 0.611599998474121,
        "Acc.car": 0.8455000305175782,
        "Acc.truck": 0.8062999725341797,
        "Acc.bus": 0.7147000122070313,
        "Acc.train": 0.7988999938964844,
        "Acc.motorcycle": 0.5872999954223633,
        "Acc.bicycle": 0.7580000305175781
    }
}