{
    "config": "/home/guest/scratch/siddharth/models/mmseg_mod/configs/segformer/segformer_mit-b2_cityscapes_custom.py",
    "metric": {
        "aAcc": 0.9649,
        "mIoU": 0.8090999999999999,
        "mAcc": 0.8755,
        "IoU.road": 0.9833000183105469,
        "IoU.sidewalk": 0.8618000030517579,
        "IoU.building": 0.9325,
        "IoU.wall": 0.6626000213623047,
        "IoU.fence": 0.6208000183105469,
        "IoU.pole": 0.6841000366210938,
        "IoU.traffic light": 0.7465000152587891,
        "IoU.traffic sign": 0.8169000244140625,
        "IoU.vegetation": 0.9298000335693359,
        "IoU.terrain": 0.6338999938964843,
        "IoU.sky": 0.9506999969482421,
        "IoU.person": 0.8390000152587891,
        "IoU.rider": 0.6518000030517578,
        "IoU.car": 0.9555999755859375,
        "IoU.truck": 0.8573000335693359,
        "IoU.bus": 0.9108000183105469,
        "IoU.train": 0.8277999877929687,
        "IoU.motorcycle": 0.7161000061035157,
        "IoU.bicycle": 0.7923999786376953,
        "Acc.road": 0.9908000183105469,
        "Acc.sidewalk": 0.9315000152587891,
        "Acc.building": 0.9687000274658203,
        "Acc.wall": 0.7255000305175782,
        "Acc.fence": 0.6970999908447265,
        "Acc.pole": 0.7876000213623047,
        "Acc.traffic light": 0.8569000244140625,
        "Acc.traffic sign": 0.8894999694824218,
        "Acc.vegetation": 0.9701999664306641,
        "Acc.terrain": 0.7197000122070313,
        "Acc.sky": 0.9812999725341797,
        "Acc.person": 0.9208999633789062,
        "Acc.rider": 0.7805999755859375,
        "Acc.car": 0.98,
        "Acc.truck": 0.889000015258789,
        "Acc.bus": 0.9544999694824219,
        "Acc.train": 0.8648999786376953,
        "Acc.motorcycle": 0.8233000183105469,
        "Acc.bicycle": 0.9018000030517578
    }
}