{
    "config": "/home/sidd_s/mmseg_mod/configs/segformer/segformer_mit-b2_cityscapes_custom.py",
    "metric": {
        "aAcc": 0.9653,
        "mIoU": 0.8098000000000001,
        "mAcc": 0.8756999999999999,
        "IoU.road": 0.9837999725341797,
        "IoU.sidewalk": 0.8637000274658203,
        "IoU.building": 0.9330999755859375,
        "IoU.wall": 0.6591999816894532,
        "IoU.fence": 0.6261999893188477,
        "IoU.pole": 0.6858000183105468,
        "IoU.traffic light": 0.7476000213623046,
        "IoU.traffic sign": 0.8170999908447265,
        "IoU.vegetation": 0.9302999877929687,
        "IoU.terrain": 0.634900016784668,
        "IoU.sky": 0.9530000305175781,
        "IoU.person": 0.839800033569336,
        "IoU.rider": 0.6486000061035156,
        "IoU.car": 0.9561000061035156,
        "IoU.truck": 0.8602999877929688,
        "IoU.bus": 0.9126000213623047,
        "IoU.train": 0.8229000091552734,
        "IoU.motorcycle": 0.7170999908447265,
        "IoU.bicycle": 0.7937999725341797,
        "Acc.road": 0.9915000152587891,
        "Acc.sidewalk": 0.9319000244140625,
        "Acc.building": 0.9704000091552735,
        "Acc.wall": 0.7229000091552734,
        "Acc.fence": 0.7006999969482421,
        "Acc.pole": 0.7897000122070312,
        "Acc.traffic light": 0.8587000274658203,
        "Acc.traffic sign": 0.890199966430664,
        "Acc.vegetation": 0.9683999633789062,
        "Acc.terrain": 0.7155999755859375,
        "Acc.sky": 0.9838999938964844,
        "Acc.person": 0.9208000183105469,
        "Acc.rider": 0.7820999908447266,
        "Acc.car": 0.9798999786376953,
        "Acc.truck": 0.8922000122070313,
        "Acc.bus": 0.9537999725341797,
        "Acc.train": 0.8636000061035156,
        "Acc.motorcycle": 0.8255000305175781,
        "Acc.bicycle": 0.8969999694824219
    }
}