{
    "config": "/home/sidd_s/mmseg_mod/configs/segformer/segformer_mit-b2_8x1_1024x1024_160k_darkzurich.py",
    "metric": {
        "aAcc": 0.5827,
        "mIoU": 0.2785,
        "mAcc": 0.42840000000000006,
        "IoU.road": 0.7305999755859375,
        "IoU.sidewalk": 0.2868000030517578,
        "IoU.building": 0.5513999938964844,
        "IoU.wall": 0.12869999885559083,
        "IoU.fence": 0.30459999084472655,
        "IoU.pole": 0.20290000915527343,
        "IoU.traffic light": 0.19280000686645507,
        "IoU.traffic sign": 0.11899999618530273,
        "IoU.vegetation": 0.3856999969482422,
        "IoU.terrain": 0.25979999542236326,
        "IoU.sky": 0.02440000057220459,
        "IoU.person": 0.16540000915527345,
        "IoU.rider": 0.17879999160766602,
        "IoU.car": 0.5745999908447266,
        "IoU.truck": 0.0,
        "IoU.bus": 0.0,
        "IoU.train": 0.0,
        "IoU.motorcycle": 0.1034000015258789,
        "IoU.bicycle": 0.24760000228881837,
        "Acc.road": 0.9922000122070312,
        "Acc.sidewalk": 0.31420000076293947,
        "Acc.building": 0.7373999786376954,
        "Acc.wall": 0.1843000030517578,
        "Acc.fence": 0.34439998626708984,
        "Acc.pole": 0.23860000610351562,
        "Acc.traffic light": 0.5754999923706055,
        "Acc.traffic sign": 0.12149999618530273,
        "Acc.vegetation": 0.9125,
        "Acc.terrain": 0.4204999923706055,
        "Acc.sky": 0.02440000057220459,
        "Acc.person": 0.23819999694824218,
        "Acc.rider": 0.5952999877929688,
        "Acc.car": 0.7393000030517578,
        "Acc.truck": NaN,
        "Acc.bus": NaN,
        "Acc.train": 0.0,
        "Acc.motorcycle": 0.12220000267028809,
        "Acc.bicycle": 0.2934000015258789
    }
}