{
    "config": "/home/sidd_s/mmseg_mod/configs/segformer/segformer_mit-b2_8x1_1024x1024_160k_darkzurich.py",
    "metric": {
        "aAcc": 0.35359999999999997,
        "mIoU": 0.0231,
        "mAcc": 0.0516,
        "IoU.road": 0.37020000457763674,
        "IoU.sidewalk": 0.0023000000417232516,
        "IoU.building": 0.053600001335144046,
        "IoU.wall": 0.0,
        "IoU.fence": 0.0012999999523162842,
        "IoU.pole": 9.999999776482581e-05,
        "IoU.traffic light": 0.0,
        "IoU.traffic sign": 0.0,
        "IoU.vegetation": 0.008100000023841859,
        "IoU.terrain": 0.0030000001192092896,
        "IoU.sky": 0.0,
        "IoU.person": 0.0005000000074505806,
        "IoU.rider": 0.0,
        "IoU.car": 0.0,
        "IoU.truck": 0.0,
        "IoU.bus": 0.0,
        "IoU.train": 0.0,
        "IoU.motorcycle": 0.0,
        "IoU.bicycle": 0.0,
        "Acc.road": 0.8983999633789063,
        "Acc.sidewalk": 0.0025,
        "Acc.building": 0.059600000381469724,
        "Acc.wall": 0.0,
        "Acc.fence": 0.0014000000059604645,
        "Acc.pole": 9.999999776482581e-05,
        "Acc.traffic light": 0.0,
        "Acc.traffic sign": 0.0,
        "Acc.vegetation": 0.011200000047683716,
        "Acc.terrain": 0.007400000095367431,
        "Acc.sky": 0.0,
        "Acc.person": 0.0005999999865889549,
        "Acc.rider": 0.0,
        "Acc.car": 0.0,
        "Acc.truck": 0.0,
        "Acc.bus": 0.0,
        "Acc.train": 0.0,
        "Acc.motorcycle": 0.0,
        "Acc.bicycle": 0.0
    }
}