{
    "config": "/home/sidd_s/mmseg_mod/configs/segformer/segformer_mit-b2_8x1_1024x1024_160k_darkzurich.py",
    "metric": {
        "aAcc": 0.3699,
        "mIoU": 0.0215,
        "mAcc": 0.0529,
        "IoU.road": 0.39380001068115233,
        "IoU.sidewalk": 0.0,
        "IoU.building": 0.0056999999284744265,
        "IoU.wall": 0.0005999999865889549,
        "IoU.fence": 0.00019999999552965163,
        "IoU.pole": 0.0,
        "IoU.traffic light": 0.0,
        "IoU.traffic sign": 0.0,
        "IoU.vegetation": 0.003499999940395355,
        "IoU.terrain": 0.0023000000417232516,
        "IoU.sky": 0.0,
        "IoU.person": 0.0,
        "IoU.rider": 0.0,
        "IoU.car": 0.0017000000178813935,
        "IoU.truck": 0.0,
        "IoU.bus": 0.0,
        "IoU.train": 0.0,
        "IoU.motorcycle": 0.0,
        "IoU.bicycle": 0.0,
        "Acc.road": 0.9762000274658204,
        "Acc.sidewalk": 0.0,
        "Acc.building": 0.0056999999284744265,
        "Acc.wall": 0.0028999999165534975,
        "Acc.fence": 0.00019999999552965163,
        "Acc.pole": 0.0,
        "Acc.traffic light": 0.0,
        "Acc.traffic sign": 0.0,
        "Acc.vegetation": 0.0036000001430511477,
        "Acc.terrain": 0.014099999666213989,
        "Acc.sky": 0.0,
        "Acc.person": 0.0,
        "Acc.rider": 0.0,
        "Acc.car": 0.0018000000715255738,
        "Acc.truck": 0.0,
        "Acc.bus": 0.0,
        "Acc.train": 0.0,
        "Acc.motorcycle": 0.0,
        "Acc.bicycle": 0.0
    }
}