{
    "config": "work/week25/exp_6.py",
    "metric": {
        "aAcc": 0.9915999999999999,
        "mIoU": 0.9196,
        "mAcc": 0.9545999999999999,
        "IoU.road": 0.9952999877929688,
        "IoU.sidewalk": 0.9773999786376953,
        "IoU.building": 0.9851000213623047,
        "IoU.wall": 0.9344000244140624,
        "IoU.fence": 0.9519000244140625,
        "IoU.pole": 0.8822000122070313,
        "IoU.traffic light": 0.907300033569336,
        "IoU.traffic sign": 0.9147000122070312,
        "IoU.vegetation": 0.9844000244140625,
        "IoU.terrain": 0.9345999908447266,
        "IoU.sky": 0.9901999664306641,
        "IoU.person": 0.900199966430664,
        "IoU.rider": 0.7844999694824218,
        "IoU.car": 0.9341999816894532,
        "IoU.truck": 0.6601000213623047,
        "IoU.bus": NaN,
        "IoU.train": 0.9680999755859375,
        "IoU.motorcycle": 0.9162999725341797,
        "IoU.bicycle": 0.9325,
        "Acc.road": 0.9968000030517579,
        "Acc.sidewalk": 0.9873000335693359,
        "Acc.building": 0.9890000152587891,
        "Acc.wall": 0.9584999847412109,
        "Acc.fence": 0.9848999786376953,
        "Acc.pole": 0.9533000183105469,
        "Acc.traffic light": 0.9731999969482422,
        "Acc.traffic sign": 0.9594000244140625,
        "Acc.vegetation": 0.9905999755859375,
        "Acc.terrain": 0.9768000030517578,
        "Acc.sky": 0.9988999938964844,
        "Acc.person": 0.9497000122070313,
        "Acc.rider": 0.8677999877929687,
        "Acc.car": 0.9829000091552734,
        "Acc.truck": 0.6972000122070312,
        "Acc.bus": NaN,
        "Acc.train": 0.9951000213623047,
        "Acc.motorcycle": 0.9501000213623046,
        "Acc.bicycle": 0.9708000183105469
    }
}