{
    "config": "work/week25/exp_3.py",
    "metric": {
        "aAcc": 0.0374,
        "mIoU": 0.0727,
        "mAcc": 0.4329,
        "IoU.road": 0.0,
        "IoU.sidewalk": 0.3683000183105469,
        "IoU.building": 0.0,
        "IoU.wall": 0.0,
        "IoU.fence": 0.0,
        "IoU.pole": 0.0,
        "IoU.traffic light": 0.0,
        "IoU.traffic sign": 0.013600000143051148,
        "IoU.vegetation": 0.0,
        "IoU.terrain": 0.020299999713897704,
        "IoU.sky": 0.0,
        "IoU.person": 0.0,
        "IoU.rider": 0.03319999933242798,
        "IoU.car": 0.0,
        "IoU.truck": 0.0,
        "IoU.bus": NaN,
        "IoU.train": 0.0,
        "IoU.motorcycle": 0.0005999999865889549,
        "IoU.bicycle": 0.0,
        "Acc.road": 0.0,
        "Acc.sidewalk": 0.38040000915527344,
        "Acc.building": 0.0,
        "Acc.wall": 0.0,
        "Acc.fence": 0.0,
        "Acc.pole": 0.0,
        "Acc.traffic light": 0.0,
        "Acc.traffic sign": 0.9951999664306641,
        "Acc.vegetation": 0.0,
        "Acc.terrain": 0.04210000038146973,
        "Acc.sky": 0.0,
        "Acc.person": 0.0,
        "Acc.rider": 0.18200000762939453,
        "Acc.car": 0.0,
        "Acc.truck": 0.0,
        "Acc.bus": NaN,
        "Acc.train": 0.0,
        "Acc.motorcycle": 0.997699966430664,
        "Acc.bicycle": 0.0
    }
}