{
    "config": "work/week25/exp_3.py",
    "metric": {
        "aAcc": 0.9891,
        "mIoU": 0.9057,
        "mAcc": 0.9562,
        "IoU.road": 0.99,
        "IoU.sidewalk": 0.9484999847412109,
        "IoU.building": 0.9844000244140625,
        "IoU.wall": 0.9408000183105468,
        "IoU.fence": 0.9326000213623047,
        "IoU.pole": 0.8293000030517578,
        "IoU.traffic light": 0.8684999847412109,
        "IoU.traffic sign": 0.8618000030517579,
        "IoU.vegetation": 0.9838999938964844,
        "IoU.terrain": 0.9141999816894532,
        "IoU.sky": 0.9951999664306641,
        "IoU.person": 0.8444999694824219,
        "IoU.rider": 0.7294999694824219,
        "IoU.car": 0.9156999969482422,
        "IoU.truck": 0.8605000305175782,
        "IoU.bus": 0.0,
        "IoU.train": 0.975,
        "IoU.motorcycle": 0.8486000061035156,
        "IoU.bicycle": 0.8801000213623047,
        "Acc.road": 0.9919999694824219,
        "Acc.sidewalk": 0.9670999908447265,
        "Acc.building": 0.9937999725341797,
        "Acc.wall": 0.9727999877929687,
        "Acc.fence": 0.9855999755859375,
        "Acc.pole": 0.9155999755859375,
        "Acc.traffic light": 0.9633999633789062,
        "Acc.traffic sign": 0.9227999877929688,
        "Acc.vegetation": 0.9908000183105469,
        "Acc.terrain": 0.9608000183105468,
        "Acc.sky": 0.9991000366210937,
        "Acc.person": 0.9248999786376954,
        "Acc.rider": 0.8490000152587891,
        "Acc.car": 0.9601000213623047,
        "Acc.truck": 0.9098000335693359,
        "Acc.bus": NaN,
        "Acc.train": 0.9948000335693359,
        "Acc.motorcycle": 0.9502999877929688,
        "Acc.bicycle": 0.9595999908447266
    }
}