{
    "config": "work/week25/exp_3.py",
    "metric": {
        "aAcc": 0.9922,
        "mIoU": 0.9311,
        "mAcc": 0.9691,
        "IoU.road": 0.9941000366210937,
        "IoU.sidewalk": 0.9691000366210938,
        "IoU.building": 0.9879000091552734,
        "IoU.wall": 0.9572000122070312,
        "IoU.fence": 0.9462999725341796,
        "IoU.pole": 0.8755000305175781,
        "IoU.traffic light": 0.8959999847412109,
        "IoU.traffic sign": 0.9016999816894531,
        "IoU.vegetation": 0.9866000366210937,
        "IoU.terrain": 0.9383000183105469,
        "IoU.sky": 0.9944999694824219,
        "IoU.person": 0.8898000335693359,
        "IoU.rider": 0.7931999969482422,
        "IoU.car": 0.9406999969482421,
        "IoU.truck": 0.8819999694824219,
        "IoU.bus": 0.0,
        "IoU.train": 0.9834999847412109,
        "IoU.motorcycle": 0.9056999969482422,
        "IoU.bicycle": 0.9180999755859375,
        "Acc.road": 0.9952999877929688,
        "Acc.sidewalk": 0.9802999877929688,
        "Acc.building": 0.9941000366210937,
        "Acc.wall": 0.9775,
        "Acc.fence": 0.9905999755859375,
        "Acc.pole": 0.9438999938964844,
        "Acc.traffic light": 0.9740000152587891,
        "Acc.traffic sign": 0.9452999877929688,
        "Acc.vegetation": 0.9915000152587891,
        "Acc.terrain": 0.9712999725341797,
        "Acc.sky": 0.9991999816894531,
        "Acc.person": 0.9483000183105469,
        "Acc.rider": 0.8881999969482421,
        "Acc.car": 0.9748999786376953,
        "Acc.truck": 0.9331999969482422,
        "Acc.bus": NaN,
        "Acc.train": 0.9958000183105469,
        "Acc.motorcycle": 0.9694999694824219,
        "Acc.bicycle": 0.9713999938964843
    }
}