{
    "config": "work/week25/exp_3.py",
    "metric": {
        "aAcc": 0.9904000000000001,
        "mIoU": 0.9168999999999999,
        "mAcc": 0.9612999999999999,
        "IoU.road": 0.9919999694824219,
        "IoU.sidewalk": 0.9586000061035156,
        "IoU.building": 0.9858000183105469,
        "IoU.wall": 0.9470999908447265,
        "IoU.fence": 0.9381999969482422,
        "IoU.pole": 0.8468000030517578,
        "IoU.traffic light": 0.8811000061035156,
        "IoU.traffic sign": 0.8779000091552734,
        "IoU.vegetation": 0.9847000122070313,
        "IoU.terrain": 0.9258000183105469,
        "IoU.sky": 0.9944000244140625,
        "IoU.person": 0.8644000244140625,
        "IoU.rider": 0.7562000274658203,
        "IoU.car": 0.9266999816894531,
        "IoU.truck": 0.8718000030517579,
        "IoU.bus": 0.0,
        "IoU.train": 0.9791999816894531,
        "IoU.motorcycle": 0.8751000213623047,
        "IoU.bicycle": 0.8976000213623047,
        "Acc.road": 0.9937000274658203,
        "Acc.sidewalk": 0.9733000183105469,
        "Acc.building": 0.9937999725341797,
        "Acc.wall": 0.9730000305175781,
        "Acc.fence": 0.9883999633789062,
        "Acc.pole": 0.9281999969482422,
        "Acc.traffic light": 0.9679000091552734,
        "Acc.traffic sign": 0.9301000213623047,
        "Acc.vegetation": 0.9908999633789063,
        "Acc.terrain": 0.9645999908447266,
        "Acc.sky": 0.9991000366210937,
        "Acc.person": 0.9351000213623046,
        "Acc.rider": 0.8637999725341797,
        "Acc.car": 0.9669000244140625,
        "Acc.truck": 0.9137000274658204,
        "Acc.bus": NaN,
        "Acc.train": 0.9951999664306641,
        "Acc.motorcycle": 0.9594000244140625,
        "Acc.bicycle": 0.9655999755859375
    }
}