{
    "config": "work/week25/exp_3.py",
    "metric": {
        "aAcc": 0.9924,
        "mIoU": 0.9318000000000001,
        "mAcc": 0.9698,
        "IoU.road": 0.9941000366210937,
        "IoU.sidewalk": 0.9693000030517578,
        "IoU.building": 0.9883999633789062,
        "IoU.wall": 0.9583999633789062,
        "IoU.fence": 0.9472000122070312,
        "IoU.pole": 0.8776000213623046,
        "IoU.traffic light": 0.8958999633789062,
        "IoU.traffic sign": 0.9030999755859375,
        "IoU.vegetation": 0.9872000122070312,
        "IoU.terrain": 0.9391000366210938,
        "IoU.sky": 0.9948999786376953,
        "IoU.person": 0.8909999847412109,
        "IoU.rider": 0.7941000366210937,
        "IoU.car": 0.9419000244140625,
        "IoU.truck": 0.8825,
        "IoU.bus": 0.0,
        "IoU.train": 0.9836000061035156,
        "IoU.motorcycle": 0.9056999969482422,
        "IoU.bicycle": 0.9183999633789063,
        "Acc.road": 0.9952999877929688,
        "Acc.sidewalk": 0.9805999755859375,
        "Acc.building": 0.9944000244140625,
        "Acc.wall": 0.9787999725341797,
        "Acc.fence": 0.9905999755859375,
        "Acc.pole": 0.9437999725341797,
        "Acc.traffic light": 0.9744999694824219,
        "Acc.traffic sign": 0.9476000213623047,
        "Acc.vegetation": 0.9918000030517579,
        "Acc.terrain": 0.9723999786376953,
        "Acc.sky": 0.9993000030517578,
        "Acc.person": 0.9494000244140625,
        "Acc.rider": 0.8898999786376953,
        "Acc.car": 0.9752999877929688,
        "Acc.truck": 0.9368000030517578,
        "Acc.bus": NaN,
        "Acc.train": 0.995999984741211,
        "Acc.motorcycle": 0.9695999908447266,
        "Acc.bicycle": 0.9713999938964843
    }
}