{
    "config": "work/week25/exp_3.py",
    "metric": {
        "aAcc": 0.9848,
        "mIoU": 0.8755,
        "mAcc": 0.9365000000000001,
        "IoU.road": 0.9858999633789063,
        "IoU.sidewalk": 0.9266000366210938,
        "IoU.building": 0.9784999847412109,
        "IoU.wall": 0.914000015258789,
        "IoU.fence": 0.913499984741211,
        "IoU.pole": 0.769000015258789,
        "IoU.traffic light": 0.8448999786376953,
        "IoU.traffic sign": 0.8105999755859375,
        "IoU.vegetation": 0.9783000183105469,
        "IoU.terrain": 0.8822000122070313,
        "IoU.sky": 0.9930000305175781,
        "IoU.person": 0.7991000366210937,
        "IoU.rider": 0.6625,
        "IoU.car": 0.8826999664306641,
        "IoU.truck": 0.8105000305175781,
        "IoU.bus": 0.0,
        "IoU.train": 0.9654000091552735,
        "IoU.motorcycle": 0.7987000274658204,
        "IoU.bicycle": 0.8444000244140625,
        "Acc.road": 0.9886000061035156,
        "Acc.sidewalk": 0.9518000030517578,
        "Acc.building": 0.9922000122070312,
        "Acc.wall": 0.9569000244140625,
        "Acc.fence": 0.9811000061035157,
        "Acc.pole": 0.8812000274658203,
        "Acc.traffic light": 0.9479000091552734,
        "Acc.traffic sign": 0.8791999816894531,
        "Acc.vegetation": 0.9884999847412109,
        "Acc.terrain": 0.9431999969482422,
        "Acc.sky": 0.9987999725341797,
        "Acc.person": 0.8968000030517578,
        "Acc.rider": 0.7888999938964844,
        "Acc.car": 0.9412999725341797,
        "Acc.truck": 0.8483000183105469,
        "Acc.bus": NaN,
        "Acc.train": 0.9926000213623047,
        "Acc.motorcycle": 0.9333000183105469,
        "Acc.bicycle": 0.9466000366210937
    }
}