{
    "config": "work/week25/exp_3.py",
    "metric": {
        "aAcc": 0.988,
        "mIoU": 0.9203,
        "mAcc": 0.9673999999999999,
        "IoU.road": 0.9934999847412109,
        "IoU.sidewalk": 0.9688999938964844,
        "IoU.building": 0.9758000183105469,
        "IoU.wall": 0.922300033569336,
        "IoU.fence": 0.9336000061035157,
        "IoU.pole": 0.9212000274658203,
        "IoU.traffic light": 0.927300033569336,
        "IoU.traffic sign": 0.9343000030517579,
        "IoU.vegetation": 0.9734999847412109,
        "IoU.terrain": 0.8851000213623047,
        "IoU.sky": 0.9840000152587891,
        "IoU.person": 0.9312000274658203,
        "IoU.rider": 0.9112999725341797,
        "IoU.car": 0.9419000244140625,
        "IoU.truck": 0.509900016784668,
        "IoU.bus": 0.0,
        "IoU.train": 0.9691000366210938,
        "IoU.motorcycle": 0.9319000244140625,
        "IoU.bicycle": 0.949800033569336,
        "Acc.road": 0.9966999816894532,
        "Acc.sidewalk": 0.9816999816894532,
        "Acc.building": 0.9866999816894532,
        "Acc.wall": 0.9675,
        "Acc.fence": 0.9654000091552735,
        "Acc.pole": 0.9484999847412109,
        "Acc.traffic light": 0.9680000305175781,
        "Acc.traffic sign": 0.9466999816894531,
        "Acc.vegetation": 0.9873999786376954,
        "Acc.terrain": 0.9594999694824219,
        "Acc.sky": 0.9923000335693359,
        "Acc.person": 0.9529000091552734,
        "Acc.rider": 0.9301000213623047,
        "Acc.car": 0.9797000122070313,
        "Acc.truck": 0.9619999694824218,
        "Acc.bus": NaN,
        "Acc.train": 0.9740000152587891,
        "Acc.motorcycle": 0.9486000061035156,
        "Acc.bicycle": 0.9658999633789063
    }
}