{
    "config": "work/week25/exp_3.py",
    "metric": {
        "aAcc": 0.9867,
        "mIoU": 0.8892,
        "mAcc": 0.945,
        "IoU.road": 0.9879000091552734,
        "IoU.sidewalk": 0.9370999908447266,
        "IoU.building": 0.980999984741211,
        "IoU.wall": 0.925,
        "IoU.fence": 0.9218000030517578,
        "IoU.pole": 0.7936000061035157,
        "IoU.traffic light": 0.8569000244140625,
        "IoU.traffic sign": 0.832699966430664,
        "IoU.vegetation": 0.9805000305175782,
        "IoU.terrain": 0.8968000030517578,
        "IoU.sky": 0.9936000061035156,
        "IoU.person": 0.8190000152587891,
        "IoU.rider": 0.6944000244140625,
        "IoU.car": 0.897300033569336,
        "IoU.truck": 0.834800033569336,
        "IoU.bus": 0.0,
        "IoU.train": 0.9701000213623047,
        "IoU.motorcycle": 0.822699966430664,
        "IoU.bicycle": 0.860999984741211,
        "Acc.road": 0.9902999877929688,
        "Acc.sidewalk": 0.9590000152587891,
        "Acc.building": 0.9927999877929687,
        "Acc.wall": 0.9623000335693359,
        "Acc.fence": 0.9834999847412109,
        "Acc.pole": 0.8966000366210938,
        "Acc.traffic light": 0.9554000091552735,
        "Acc.traffic sign": 0.8968000030517578,
        "Acc.vegetation": 0.9894000244140625,
        "Acc.terrain": 0.9505000305175781,
        "Acc.sky": 0.9988999938964844,
        "Acc.person": 0.9087999725341797,
        "Acc.rider": 0.8161000061035156,
        "Acc.car": 0.9498999786376953,
        "Acc.truck": 0.8719999694824219,
        "Acc.bus": NaN,
        "Acc.train": 0.9936000061035156,
        "Acc.motorcycle": 0.9412999725341797,
        "Acc.bicycle": 0.9531999969482422
    }
}