{
    "config": "work/week25/exp_3.py",
    "metric": {
        "aAcc": 0.9873999999999999,
        "mIoU": 0.8936,
        "mAcc": 0.9494,
        "IoU.road": 0.9880000305175781,
        "IoU.sidewalk": 0.9381999969482422,
        "IoU.building": 0.9823000335693359,
        "IoU.wall": 0.9318000030517578,
        "IoU.fence": 0.925199966430664,
        "IoU.pole": 0.8077999877929688,
        "IoU.traffic light": 0.8573000335693359,
        "IoU.traffic sign": 0.8431999969482422,
        "IoU.vegetation": 0.9820999908447265,
        "IoU.terrain": 0.9006999969482422,
        "IoU.sky": 0.9951000213623047,
        "IoU.person": 0.8240000152587891,
        "IoU.rider": 0.7005999755859375,
        "IoU.car": 0.9020999908447266,
        "IoU.truck": 0.8469000244140625,
        "IoU.bus": 0.0,
        "IoU.train": 0.9705000305175782,
        "IoU.motorcycle": 0.8248999786376953,
        "IoU.bicycle": 0.8631999969482422,
        "Acc.road": 0.9904000091552735,
        "Acc.sidewalk": 0.9604000091552735,
        "Acc.building": 0.9933999633789062,
        "Acc.wall": 0.9694000244140625,
        "Acc.fence": 0.9830000305175781,
        "Acc.pole": 0.9025,
        "Acc.traffic light": 0.9576000213623047,
        "Acc.traffic sign": 0.9098000335693359,
        "Acc.vegetation": 0.9901999664306641,
        "Acc.terrain": 0.955,
        "Acc.sky": 0.999000015258789,
        "Acc.person": 0.9130000305175782,
        "Acc.rider": 0.8277999877929687,
        "Acc.car": 0.9523000335693359,
        "Acc.truck": 0.8958999633789062,
        "Acc.bus": NaN,
        "Acc.train": 0.9941000366210937,
        "Acc.motorcycle": 0.9429000091552734,
        "Acc.bicycle": 0.9533999633789062
    }
}