{
    "config": "work/week25/exp_3.py",
    "metric": {
        "aAcc": 0.9858,
        "mIoU": 0.8817,
        "mAcc": 0.9426000000000001,
        "IoU.road": 0.985999984741211,
        "IoU.sidewalk": 0.9281999969482422,
        "IoU.building": 0.9801999664306641,
        "IoU.wall": 0.9229000091552735,
        "IoU.fence": 0.9177999877929688,
        "IoU.pole": 0.7880999755859375,
        "IoU.traffic light": 0.845999984741211,
        "IoU.traffic sign": 0.8254000091552735,
        "IoU.vegetation": 0.9804000091552735,
        "IoU.terrain": 0.8872000122070313,
        "IoU.sky": 0.9948999786376953,
        "IoU.person": 0.8048999786376954,
        "IoU.rider": 0.6719999694824219,
        "IoU.car": 0.8887999725341796,
        "IoU.truck": 0.8325,
        "IoU.bus": 0.0,
        "IoU.train": 0.965999984741211,
        "IoU.motorcycle": 0.8020999908447266,
        "IoU.bicycle": 0.8476000213623047,
        "Acc.road": 0.9887000274658203,
        "Acc.sidewalk": 0.9537000274658203,
        "Acc.building": 0.9930000305175781,
        "Acc.wall": 0.9661000061035157,
        "Acc.fence": 0.9805000305175782,
        "Acc.pole": 0.8901000213623047,
        "Acc.traffic light": 0.9512999725341796,
        "Acc.traffic sign": 0.8968000030517578,
        "Acc.vegetation": 0.9894999694824219,
        "Acc.terrain": 0.9491000366210938,
        "Acc.sky": 0.9988999938964844,
        "Acc.person": 0.9019000244140625,
        "Acc.rider": 0.8038999938964844,
        "Acc.car": 0.9444000244140625,
        "Acc.truck": 0.8819000244140625,
        "Acc.bus": NaN,
        "Acc.train": 0.9933000183105469,
        "Acc.motorcycle": 0.9355000305175781,
        "Acc.bicycle": 0.9470999908447265
    }
}