{
    "config": "work/week25/exp_3.py",
    "metric": {
        "aAcc": 0.9886,
        "mIoU": 0.9029,
        "mAcc": 0.9533,
        "IoU.road": 0.9898999786376953,
        "IoU.sidewalk": 0.9477999877929687,
        "IoU.building": 0.9834999847412109,
        "IoU.wall": 0.9359999847412109,
        "IoU.fence": 0.9301000213623047,
        "IoU.pole": 0.8195999908447266,
        "IoU.traffic light": 0.8684999847412109,
        "IoU.traffic sign": 0.854800033569336,
        "IoU.vegetation": 0.9826000213623047,
        "IoU.terrain": 0.9113999938964844,
        "IoU.sky": 0.9941000366210937,
        "IoU.person": 0.8408000183105468,
        "IoU.rider": 0.7254000091552735,
        "IoU.car": 0.9119999694824219,
        "IoU.truck": 0.8551000213623047,
        "IoU.bus": 0.0,
        "IoU.train": 0.974800033569336,
        "IoU.motorcycle": 0.8473999786376953,
        "IoU.bicycle": 0.8784999847412109,
        "Acc.road": 0.9919999694824219,
        "Acc.sidewalk": 0.9661000061035157,
        "Acc.building": 0.9933000183105469,
        "Acc.wall": 0.967699966430664,
        "Acc.fence": 0.985999984741211,
        "Acc.pole": 0.9123999786376953,
        "Acc.traffic light": 0.9619000244140625,
        "Acc.traffic sign": 0.9137999725341797,
        "Acc.vegetation": 0.9901999664306641,
        "Acc.terrain": 0.9575,
        "Acc.sky": 0.999000015258789,
        "Acc.person": 0.9216000366210938,
        "Acc.rider": 0.8412999725341797,
        "Acc.car": 0.9584999847412109,
        "Acc.truck": 0.8943000030517578,
        "Acc.bus": NaN,
        "Acc.train": 0.9944000244140625,
        "Acc.motorcycle": 0.9494999694824219,
        "Acc.bicycle": 0.9594999694824219
    }
}