{
    "config": "work/week25/exp_3.py",
    "metric": {
        "aAcc": 0.9908,
        "mIoU": 0.9185,
        "mAcc": 0.9631000000000001,
        "IoU.road": 0.9919999694824219,
        "IoU.sidewalk": 0.9590000152587891,
        "IoU.building": 0.986500015258789,
        "IoU.wall": 0.949800033569336,
        "IoU.fence": 0.9398999786376954,
        "IoU.pole": 0.8523999786376953,
        "IoU.traffic light": 0.8811000061035156,
        "IoU.traffic sign": 0.8816999816894531,
        "IoU.vegetation": 0.9855999755859375,
        "IoU.terrain": 0.9276000213623047,
        "IoU.sky": 0.9951999664306641,
        "IoU.person": 0.8669000244140626,
        "IoU.rider": 0.759000015258789,
        "IoU.car": 0.9291000366210938,
        "IoU.truck": 0.874000015258789,
        "IoU.bus": 0.0,
        "IoU.train": 0.9794000244140625,
        "IoU.motorcycle": 0.8761000061035156,
        "IoU.bicycle": 0.898499984741211,
        "Acc.road": 0.9937000274658203,
        "Acc.sidewalk": 0.9738999938964844,
        "Acc.building": 0.9941999816894531,
        "Acc.wall": 0.9758999633789063,
        "Acc.fence": 0.9880999755859375,
        "Acc.pole": 0.9293000030517579,
        "Acc.traffic light": 0.9690000152587891,
        "Acc.traffic sign": 0.9354000091552734,
        "Acc.vegetation": 0.9912999725341797,
        "Acc.terrain": 0.9668000030517578,
        "Acc.sky": 0.9991999816894531,
        "Acc.person": 0.9373000335693359,
        "Acc.rider": 0.8690000152587891,
        "Acc.car": 0.9679000091552734,
        "Acc.truck": 0.9227999877929688,
        "Acc.bus": NaN,
        "Acc.train": 0.9954000091552735,
        "Acc.motorcycle": 0.9601000213623047,
        "Acc.bicycle": 0.9655999755859375
    }
}