{
    "config": "work/week25/exp_5.py",
    "metric": {
        "aAcc": 0.9908,
        "mIoU": 0.9151,
        "mAcc": 0.9520000000000001,
        "IoU.road": 0.9951999664306641,
        "IoU.sidewalk": 0.9772000122070312,
        "IoU.building": 0.987699966430664,
        "IoU.wall": 0.9619999694824218,
        "IoU.fence": 0.9579000091552734,
        "IoU.pole": 0.8594999694824219,
        "IoU.traffic light": 0.8980000305175782,
        "IoU.traffic sign": 0.9044000244140625,
        "IoU.vegetation": 0.9880999755859375,
        "IoU.terrain": 0.9420999908447265,
        "IoU.sky": 0.9833000183105469,
        "IoU.person": 0.8948000335693359,
        "IoU.rider": 0.7930000305175782,
        "IoU.car": 0.9430000305175781,
        "IoU.truck": 0.7055999755859375,
        "IoU.bus": NaN,
        "IoU.train": 0.8297000122070313,
        "IoU.motorcycle": 0.9175,
        "IoU.bicycle": 0.933499984741211,
        "Acc.road": 0.9965000152587891,
        "Acc.sidewalk": 0.9881999969482422,
        "Acc.building": 0.9938999938964844,
        "Acc.wall": 0.9813999938964844,
        "Acc.fence": 0.985,
        "Acc.pole": 0.9161000061035156,
        "Acc.traffic light": 0.9631999969482422,
        "Acc.traffic sign": 0.9462000274658203,
        "Acc.vegetation": 0.9940000152587891,
        "Acc.terrain": 0.981500015258789,
        "Acc.sky": 0.9851999664306641,
        "Acc.person": 0.9366999816894531,
        "Acc.rider": 0.8497000122070313,
        "Acc.car": 0.9745999908447266,
        "Acc.truck": 0.7170999908447265,
        "Acc.bus": NaN,
        "Acc.train": 0.9986000061035156,
        "Acc.motorcycle": 0.9580000305175781,
        "Acc.bicycle": 0.9708999633789063
    }
}