{
    "config": "work/week25/exp4.py",
    "metric": {
        "aAcc": 0.9936,
        "mIoU": 0.8924,
        "mAcc": 0.9758,
        "IoU.road": 0.995999984741211,
        "IoU.sidewalk": 0.9787999725341797,
        "IoU.building": 0.9893000030517578,
        "IoU.wall": 0.9640000152587891,
        "IoU.fence": 0.9533999633789062,
        "IoU.pole": 0.9066999816894531,
        "IoU.traffic light": 0.9116000366210938,
        "IoU.traffic sign": 0.9243000030517579,
        "IoU.vegetation": 0.9879000091552734,
        "IoU.terrain": 0.9452999877929688,
        "IoU.sky": 0.9940000152587891,
        "IoU.person": 0.9159999847412109,
        "IoU.rider": 0.8380000305175781,
        "IoU.car": 0.9529000091552734,
        "IoU.truck": 0.8354000091552735,
        "IoU.bus": 0.0,
        "IoU.train": 0.9869999694824219,
        "IoU.motorcycle": 0.9348000335693359,
        "IoU.bicycle": 0.9391999816894532,
        "Acc.road": 0.9969000244140624,
        "Acc.sidewalk": 0.9868000030517579,
        "Acc.building": 0.9941999816894531,
        "Acc.wall": 0.9805999755859375,
        "Acc.fence": 0.9912999725341797,
        "Acc.pole": 0.9593000030517578,
        "Acc.traffic light": 0.9790000152587891,
        "Acc.traffic sign": 0.9568000030517578,
        "Acc.vegetation": 0.9918000030517579,
        "Acc.terrain": 0.976500015258789,
        "Acc.sky": 0.9991999816894531,
        "Acc.person": 0.9605999755859375,
        "Acc.rider": 0.9122000122070313,
        "Acc.car": 0.982699966430664,
        "Acc.truck": 0.95,
        "Acc.bus": NaN,
        "Acc.train": 0.9956999969482422,
        "Acc.motorcycle": 0.9758999633789063,
        "Acc.bicycle": 0.9758000183105469
    }
}