{
    "config": "work/week25/exp2.py",
    "metric": {
        "aAcc": 0.9948999999999999,
        "mIoU": 0.8752,
        "mAcc": 0.9490999999999999,
        "IoU.road": 0.9963999938964844,
        "IoU.sidewalk": 0.9826000213623047,
        "IoU.building": 0.9919000244140626,
        "IoU.wall": 0.9751999664306641,
        "IoU.fence": 0.9688999938964844,
        "IoU.pole": 0.8956999969482422,
        "IoU.traffic light": 0.9226999664306641,
        "IoU.traffic sign": 0.9227999877929688,
        "IoU.vegetation": 0.9908000183105469,
        "IoU.terrain": 0.9630000305175781,
        "IoU.sky": 0.9968000030517579,
        "IoU.person": 0.9023999786376953,
        "IoU.rider": 0.7141999816894531,
        "IoU.car": 0.9536000061035156,
        "IoU.truck": 0.6308000183105469,
        "IoU.bus": 0.0,
        "IoU.train": 0.9854000091552735,
        "IoU.motorcycle": 0.9022000122070313,
        "IoU.bicycle": 0.9326999664306641,
        "Acc.road": 0.9973000335693359,
        "Acc.sidewalk": 0.9908999633789063,
        "Acc.building": 0.9956999969482422,
        "Acc.wall": 0.9873000335693359,
        "Acc.fence": 0.9886000061035156,
        "Acc.pole": 0.9404000091552734,
        "Acc.traffic light": 0.9684999847412109,
        "Acc.traffic sign": 0.9583000183105469,
        "Acc.vegetation": 0.9954000091552735,
        "Acc.terrain": 0.9829000091552734,
        "Acc.sky": 0.9994000244140625,
        "Acc.person": 0.9375,
        "Acc.rider": 0.7976000213623047,
        "Acc.car": 0.9834999847412109,
        "Acc.truck": 0.6455000305175781,
        "Acc.bus": NaN,
        "Acc.train": 0.9937000274658203,
        "Acc.motorcycle": 0.9541999816894531,
        "Acc.bicycle": 0.9666000366210937
    }
}