{
    "config": "work/week25/exp2.py",
    "metric": {
        "aAcc": 0.995,
        "mIoU": 0.9316,
        "mAcc": 0.9605,
        "IoU.road": 0.9965000152587891,
        "IoU.sidewalk": 0.9827999877929687,
        "IoU.building": 0.9920999908447266,
        "IoU.wall": 0.975999984741211,
        "IoU.fence": 0.9705000305175782,
        "IoU.pole": 0.8988999938964843,
        "IoU.traffic light": 0.922300033569336,
        "IoU.traffic sign": 0.9247000122070312,
        "IoU.vegetation": 0.990999984741211,
        "IoU.terrain": 0.9640000152587891,
        "IoU.sky": 0.9969999694824219,
        "IoU.person": 0.9066999816894531,
        "IoU.rider": 0.7251000213623047,
        "IoU.car": 0.9572000122070312,
        "IoU.truck": 0.7333999633789062,
        "IoU.bus": 0.0,
        "IoU.train": 0.9869999694824219,
        "IoU.motorcycle": 0.9087999725341797,
        "IoU.bicycle": 0.9345999908447266,
        "Acc.road": 0.9973000335693359,
        "Acc.sidewalk": 0.9912999725341797,
        "Acc.building": 0.9956999969482422,
        "Acc.wall": 0.9873999786376954,
        "Acc.fence": 0.9893000030517578,
        "Acc.pole": 0.9430999755859375,
        "Acc.traffic light": 0.9669999694824218,
        "Acc.traffic sign": 0.9594000244140625,
        "Acc.vegetation": 0.9956999969482422,
        "Acc.terrain": 0.9837999725341797,
        "Acc.sky": 0.9994000244140625,
        "Acc.person": 0.936500015258789,
        "Acc.rider": 0.8606999969482422,
        "Acc.car": 0.9837000274658203,
        "Acc.truck": 0.7779000091552735,
        "Acc.bus": NaN,
        "Acc.train": 0.9927999877929687,
        "Acc.motorcycle": 0.9625,
        "Acc.bicycle": 0.9647000122070313
    }
}