{
    "config": "work/week25/exp2.py",
    "metric": {
        "aAcc": 0.9945999999999999,
        "mIoU": 0.8671,
        "mAcc": 0.9443,
        "IoU.road": 0.9962999725341797,
        "IoU.sidewalk": 0.9823000335693359,
        "IoU.building": 0.9913999938964844,
        "IoU.wall": 0.9744999694824219,
        "IoU.fence": 0.9666999816894531,
        "IoU.pole": 0.8887999725341796,
        "IoU.traffic light": 0.9181999969482422,
        "IoU.traffic sign": 0.9193000030517579,
        "IoU.vegetation": 0.9905999755859375,
        "IoU.terrain": 0.9623000335693359,
        "IoU.sky": 0.9966999816894532,
        "IoU.person": 0.8916000366210938,
        "IoU.rider": 0.6805999755859375,
        "IoU.car": 0.95,
        "IoU.truck": 0.5658000183105468,
        "IoU.bus": 0.0,
        "IoU.train": 0.982699966430664,
        "IoU.motorcycle": 0.8888999938964843,
        "IoU.bicycle": 0.9275,
        "Acc.road": 0.9973000335693359,
        "Acc.sidewalk": 0.9912000274658204,
        "Acc.building": 0.9952999877929688,
        "Acc.wall": 0.9855000305175782,
        "Acc.fence": 0.987699966430664,
        "Acc.pole": 0.9354000091552734,
        "Acc.traffic light": 0.9638999938964844,
        "Acc.traffic sign": 0.955999984741211,
        "Acc.vegetation": 0.9952999877929688,
        "Acc.terrain": 0.9854000091552735,
        "Acc.sky": 0.9993000030517578,
        "Acc.person": 0.922300033569336,
        "Acc.rider": 0.8177999877929687,
        "Acc.car": 0.9837000274658203,
        "Acc.truck": 0.5927000045776367,
        "Acc.bus": NaN,
        "Acc.train": 0.9918000030517579,
        "Acc.motorcycle": 0.935,
        "Acc.bicycle": 0.9619000244140625
    }
}