{
    "config": "work/week25/exp2.py",
    "metric": {
        "aAcc": 0.9921,
        "mIoU": 0.8029000000000001,
        "mAcc": 0.8998999999999999,
        "IoU.road": 0.9955000305175781,
        "IoU.sidewalk": 0.977699966430664,
        "IoU.building": 0.9886000061035156,
        "IoU.wall": 0.9516999816894531,
        "IoU.fence": 0.9462000274658203,
        "IoU.pole": 0.8493000030517578,
        "IoU.traffic light": 0.8687000274658203,
        "IoU.traffic sign": 0.8854000091552734,
        "IoU.vegetation": 0.9894000244140625,
        "IoU.terrain": 0.9525,
        "IoU.sky": 0.9965000152587891,
        "IoU.person": 0.7390000152587891,
        "IoU.rider": 0.23510000228881836,
        "IoU.car": 0.9298000335693359,
        "IoU.truck": 0.36959999084472656,
        "IoU.bus": 0.0,
        "IoU.train": 0.9258000183105469,
        "IoU.motorcycle": 0.7988999938964844,
        "IoU.bicycle": 0.8554000091552735,
        "Acc.road": 0.9968000030517579,
        "Acc.sidewalk": 0.9887000274658203,
        "Acc.building": 0.9934999847412109,
        "Acc.wall": 0.9833999633789062,
        "Acc.fence": 0.9797000122070313,
        "Acc.pole": 0.9044000244140625,
        "Acc.traffic light": 0.9198000335693359,
        "Acc.traffic sign": 0.9344000244140624,
        "Acc.vegetation": 0.9951000213623047,
        "Acc.terrain": 0.9823999786376953,
        "Acc.sky": 0.9993000030517578,
        "Acc.person": 0.7704000091552734,
        "Acc.rider": 0.6370000076293946,
        "Acc.car": 0.9812999725341797,
        "Acc.truck": 0.3845000076293945,
        "Acc.bus": NaN,
        "Acc.train": 0.9320999908447266,
        "Acc.motorcycle": 0.8955999755859375,
        "Acc.bicycle": 0.9201000213623047
    }
}