{
    "config": "/home/sidd_s/scratch/saved_models/mmseg/segformer_b2_cityscapes_1024x1024/segformer_mit-b2_8xb1-160k_cityscapes-1024x1024.py",
    "metric": {
        "aAcc": 0.9828,
        "mIoU": 0.9094,
        "mAcc": 0.9506999999999999,
        "IoU.road": 0.9926000213623047,
        "IoU.sidewalk": 0.9491000366210938,
        "IoU.building": 0.9651999664306641,
        "IoU.wall": 0.9216999816894531,
        "IoU.fence": 0.9094999694824218,
        "IoU.pole": 0.7441999816894531,
        "IoU.traffic light": 0.7812999725341797,
        "IoU.traffic sign": 0.8705999755859375,
        "IoU.vegetation": 0.9566000366210937,
        "IoU.terrain": 0.9108000183105469,
        "IoU.sky": 0.9670999908447265,
        "IoU.person": 0.8991000366210937,
        "IoU.rider": 0.8241999816894531,
        "IoU.car": 0.9705999755859375,
        "IoU.truck": 0.9616999816894531,
        "IoU.bus": 0.9636000061035156,
        "IoU.train": 0.9672000122070312,
        "IoU.motorcycle": 0.8712999725341797,
        "IoU.bicycle": 0.8519000244140625,
        "Acc.road": 0.9958000183105469,
        "Acc.sidewalk": 0.9727999877929687,
        "Acc.building": 0.9827999877929687,
        "Acc.wall": 0.9587999725341797,
        "Acc.fence": 0.9518000030517578,
        "Acc.pole": 0.8319999694824218,
        "Acc.traffic light": 0.8793000030517578,
        "Acc.traffic sign": 0.9280999755859375,
        "Acc.vegetation": 0.98,
        "Acc.terrain": 0.9543000030517578,
        "Acc.sky": 0.9836000061035156,
        "Acc.person": 0.949800033569336,
        "Acc.rider": 0.9033000183105468,
        "Acc.car": 0.9848999786376953,
        "Acc.truck": 0.9819999694824219,
        "Acc.bus": 0.9816000366210937,
        "Acc.train": 0.9843000030517578,
        "Acc.motorcycle": 0.9330000305175781,
        "Acc.bicycle": 0.9247000122070312
    }
}