{
    "config": "/home/sidd_s/scratch/saved_models/mmseg/segformer_b2_cityscapes_1024x1024/segformer_mit-b2_8xb1-160k_cityscapes-1024x1024.py",
    "metric": {
        "aAcc": 0.9654,
        "mIoU": 0.8107,
        "mAcc": 0.8765999999999999,
        "IoU.road": 0.9837999725341797,
        "IoU.sidewalk": 0.8641999816894531,
        "IoU.building": 0.9333999633789063,
        "IoU.wall": 0.6616999816894531,
        "IoU.fence": 0.6263000106811524,
        "IoU.pole": 0.6862000274658203,
        "IoU.traffic light": 0.7484999847412109,
        "IoU.traffic sign": 0.8177999877929687,
        "IoU.vegetation": 0.9305999755859375,
        "IoU.terrain": 0.6347000122070312,
        "IoU.sky": 0.9536000061035156,
        "IoU.person": 0.8416000366210937,
        "IoU.rider": 0.6561000061035156,
        "IoU.car": 0.9562000274658203,
        "IoU.truck": 0.8597000122070313,
        "IoU.bus": 0.9133000183105469,
        "IoU.train": 0.8231999969482422,
        "IoU.motorcycle": 0.7186000061035156,
        "IoU.bicycle": 0.7944000244140625,
        "Acc.road": 0.9912000274658204,
        "Acc.sidewalk": 0.9326000213623047,
        "Acc.building": 0.9691999816894531,
        "Acc.wall": 0.7238999938964844,
        "Acc.fence": 0.7026000213623047,
        "Acc.pole": 0.7894000244140625,
        "Acc.traffic light": 0.8591000366210938,
        "Acc.traffic sign": 0.890199966430664,
        "Acc.vegetation": 0.9705000305175782,
        "Acc.terrain": 0.7191000366210938,
        "Acc.sky": 0.9825,
        "Acc.person": 0.9223999786376953,
        "Acc.rider": 0.7855999755859375,
        "Acc.car": 0.9801000213623047,
        "Acc.truck": 0.8919000244140625,
        "Acc.bus": 0.9544999694824219,
        "Acc.train": 0.8636000061035156,
        "Acc.motorcycle": 0.8231999969482422,
        "Acc.bicycle": 0.9029000091552735
    }
}