{
    "config": "/home/guest/scratch/siddharth/data/saved_models/mmseg/segformer_b2_cityscapes_1024x1024/segformer_mit-b2_8xb1-160k_cityscapes-1024x1024.py",
    "metric": {
        "aAcc": 0.9727,
        "mIoU": 0.8523999999999999,
        "mAcc": 0.9129999999999999,
        "IoU.road": 0.9875,
        "IoU.sidewalk": 0.9152999877929687,
        "IoU.building": 0.9463999938964843,
        "IoU.wall": 0.8537999725341797,
        "IoU.fence": 0.8268000030517578,
        "IoU.pole": 0.6281999969482421,
        "IoU.traffic light": 0.6812999725341797,
        "IoU.traffic sign": 0.7827999877929688,
        "IoU.vegetation": 0.9370999908447266,
        "IoU.terrain": 0.8552999877929688,
        "IoU.sky": 0.9558999633789063,
        "IoU.person": 0.836500015258789,
        "IoU.rider": 0.7068000030517578,
        "IoU.car": 0.9537000274658203,
        "IoU.truck": 0.9218000030517578,
        "IoU.bus": 0.9308000183105469,
        "IoU.train": 0.9331999969482422,
        "IoU.motorcycle": 0.7755999755859375,
        "IoU.bicycle": 0.7666999816894531,
        "Acc.road": 0.9912999725341797,
        "Acc.sidewalk": 0.9516999816894531,
        "Acc.building": 0.9733000183105469,
        "Acc.wall": 0.9091000366210937,
        "Acc.fence": 0.8969999694824219,
        "Acc.pole": 0.7258999633789063,
        "Acc.traffic light": 0.7961000061035156,
        "Acc.traffic sign": 0.8593000030517578,
        "Acc.vegetation": 0.976500015258789,
        "Acc.terrain": 0.9226000213623047,
        "Acc.sky": 0.9731999969482422,
        "Acc.person": 0.9266000366210938,
        "Acc.rider": 0.8179000091552734,
        "Acc.car": 0.9820999908447265,
        "Acc.truck": 0.9548999786376953,
        "Acc.bus": 0.9608999633789063,
        "Acc.train": 0.9697000122070313,
        "Acc.motorcycle": 0.8706999969482422,
        "Acc.bicycle": 0.888499984741211
    }
}