{
    "config": "/home/guest/scratch/siddharth/data/saved_models/mmseg/segformer_b2_cityscapes_1024x1024/segformer_mit-b2_8xb1-160k_cityscapes-1024x1024.py",
    "metric": {
        "aAcc": 0.8634999999999999,
        "mIoU": 0.4193,
        "mAcc": 0.5301,
        "IoU.road": 0.9223999786376953,
        "IoU.sidewalk": 0.5581000137329102,
        "IoU.building": 0.7656999969482422,
        "IoU.wall": 0.36709999084472655,
        "IoU.fence": 0.16350000381469726,
        "IoU.pole": 0.14979999542236327,
        "IoU.traffic light": 0.15369999885559082,
        "IoU.traffic sign": 0.3036000061035156,
        "IoU.vegetation": 0.7748999786376953,
        "IoU.terrain": 0.4520000076293945,
        "IoU.sky": 0.785,
        "IoU.person": 0.42119998931884767,
        "IoU.rider": 0.17469999313354492,
        "IoU.car": 0.7663999938964844,
        "IoU.truck": 0.32560001373291014,
        "IoU.bus": 0.22299999237060547,
        "IoU.train": 0.16239999771118163,
        "IoU.motorcycle": 0.1556999969482422,
        "IoU.bicycle": 0.34110000610351565,
        "Acc.road": 0.9402999877929688,
        "Acc.sidewalk": 0.7311000061035157,
        "Acc.building": 0.8883000183105468,
        "Acc.wall": 0.4990999984741211,
        "Acc.fence": 0.44610000610351563,
        "Acc.pole": 0.16760000228881836,
        "Acc.traffic light": 0.17049999237060548,
        "Acc.traffic sign": 0.35509998321533204,
        "Acc.vegetation": 0.9105000305175781,
        "Acc.terrain": 0.5784999847412109,
        "Acc.sky": 0.810199966430664,
        "Acc.person": 0.6063999938964844,
        "Acc.rider": 0.211200008392334,
        "Acc.car": 0.8966999816894531,
        "Acc.truck": 0.4141999816894531,
        "Acc.bus": 0.24459999084472656,
        "Acc.train": 0.27760000228881837,
        "Acc.motorcycle": 0.43509998321533205,
        "Acc.bicycle": 0.4881999969482422
    }
}