{
    "config": "/home/guest/scratch/siddharth/data/saved_models/mmseg/segformer_b2_cityscapes_1024x1024/segformer_mit-b2_8xb1-160k_cityscapes-1024x1024.py",
    "metric": {
        "aAcc": 0.9564,
        "mIoU": 0.7592,
        "mAcc": 0.8412999999999999,
        "IoU.road": 0.9791999816894531,
        "IoU.sidewalk": 0.8345999908447266,
        "IoU.building": 0.9183999633789063,
        "IoU.wall": 0.6448999786376953,
        "IoU.fence": 0.576500015258789,
        "IoU.pole": 0.5893999862670899,
        "IoU.traffic light": 0.6608000183105469,
        "IoU.traffic sign": 0.7469999694824219,
        "IoU.vegetation": 0.9162999725341797,
        "IoU.terrain": 0.625999984741211,
        "IoU.sky": 0.9419999694824219,
        "IoU.person": 0.7776999664306641,
        "IoU.rider": 0.5908000183105468,
        "IoU.car": 0.9375,
        "IoU.truck": 0.8076999664306641,
        "IoU.bus": 0.8630000305175781,
        "IoU.train": 0.6986000061035156,
        "IoU.motorcycle": 0.5861000061035156,
        "IoU.bicycle": 0.7286000061035156,
        "Acc.road": 0.9869000244140625,
        "Acc.sidewalk": 0.9087999725341797,
        "Acc.building": 0.9594000244140625,
        "Acc.wall": 0.7316999816894532,
        "Acc.fence": 0.683499984741211,
        "Acc.pole": 0.7001999664306641,
        "Acc.traffic light": 0.7944999694824219,
        "Acc.traffic sign": 0.8322000122070312,
        "Acc.vegetation": 0.9683999633789062,
        "Acc.terrain": 0.7273000335693359,
        "Acc.sky": 0.9701000213623047,
        "Acc.person": 0.8972000122070313,
        "Acc.rider": 0.7369000244140625,
        "Acc.car": 0.9763999938964844,
        "Acc.truck": 0.8675,
        "Acc.bus": 0.9188999938964844,
        "Acc.train": 0.7469999694824219,
        "Acc.motorcycle": 0.7034999847412109,
        "Acc.bicycle": 0.8748000335693359
    }
}