{
    "config": "/home/sidd_s/scratch/saved_models/mmseg/segformer_b2_cityscapes_1024x1024/segformer_mit-b2_8xb1-160k_cityscapes-1024x1024.py",
    "metric": {
        "aAcc": 0.8786,
        "mIoU": 0.46909999999999996,
        "mAcc": 0.5760000000000001,
        "IoU.road": 0.9275,
        "IoU.sidewalk": 0.6134000015258789,
        "IoU.building": 0.7898000335693359,
        "IoU.wall": 0.3395999908447266,
        "IoU.fence": 0.2206999969482422,
        "IoU.pole": 0.18,
        "IoU.traffic light": 0.19829999923706054,
        "IoU.traffic sign": 0.3057999992370605,
        "IoU.vegetation": 0.7781999969482422,
        "IoU.terrain": 0.5254000091552734,
        "IoU.sky": 0.8118000030517578,
        "IoU.person": 0.47900001525878905,
        "IoU.rider": 0.22850000381469726,
        "IoU.car": 0.7958000183105469,
        "IoU.truck": 0.4204000091552734,
        "IoU.bus": 0.2978000068664551,
        "IoU.train": 0.4154000091552734,
        "IoU.motorcycle": 0.23549999237060548,
        "IoU.bicycle": 0.3491999816894531,
        "Acc.road": 0.945,
        "Acc.sidewalk": 0.7659999847412109,
        "Acc.building": 0.9036000061035157,
        "Acc.wall": 0.49459999084472656,
        "Acc.fence": 0.4490999984741211,
        "Acc.pole": 0.20420000076293945,
        "Acc.traffic light": 0.2215999984741211,
        "Acc.traffic sign": 0.34880001068115235,
        "Acc.vegetation": 0.918499984741211,
        "Acc.terrain": 0.6516000366210938,
        "Acc.sky": 0.835999984741211,
        "Acc.person": 0.6563999938964844,
        "Acc.rider": 0.285,
        "Acc.car": 0.9083000183105469,
        "Acc.truck": 0.48279998779296873,
        "Acc.bus": 0.30709999084472656,
        "Acc.train": 0.5666999816894531,
        "Acc.motorcycle": 0.495,
        "Acc.bicycle": 0.5043000030517578
    }
}