{
    "config": "/home/guest/scratch/siddharth/data/saved_models/mmseg/segformer_b2_cityscapes_1024x1024/segformer_mit-b2_8xb1-160k_cityscapes-1024x1024.py",
    "metric": {
        "aAcc": 0.9569,
        "mIoU": 0.7593000000000001,
        "mAcc": 0.8392000000000001,
        "IoU.road": 0.9794999694824219,
        "IoU.sidewalk": 0.8368000030517578,
        "IoU.building": 0.9191000366210937,
        "IoU.wall": 0.6497000122070312,
        "IoU.fence": 0.5675,
        "IoU.pole": 0.5931000137329101,
        "IoU.traffic light": 0.6605000305175781,
        "IoU.traffic sign": 0.7480000305175781,
        "IoU.vegetation": 0.9180000305175782,
        "IoU.terrain": 0.6293000030517578,
        "IoU.sky": 0.9430000305175781,
        "IoU.person": 0.7805000305175781,
        "IoU.rider": 0.5961999893188477,
        "IoU.car": 0.9383000183105469,
        "IoU.truck": 0.8004000091552734,
        "IoU.bus": 0.8505999755859375,
        "IoU.train": 0.6916999816894531,
        "IoU.motorcycle": 0.5924000167846679,
        "IoU.bicycle": 0.7316000366210937,
        "Acc.road": 0.9875,
        "Acc.sidewalk": 0.9115000152587891,
        "Acc.building": 0.9608999633789063,
        "Acc.wall": 0.7230000305175781,
        "Acc.fence": 0.665,
        "Acc.pole": 0.7061000061035156,
        "Acc.traffic light": 0.7926999664306641,
        "Acc.traffic sign": 0.8295999908447266,
        "Acc.vegetation": 0.9683000183105469,
        "Acc.terrain": 0.7277999877929687,
        "Acc.sky": 0.9730000305175781,
        "Acc.person": 0.8952999877929687,
        "Acc.rider": 0.7415000152587891,
        "Acc.car": 0.9756999969482422,
        "Acc.truck": 0.8587999725341797,
        "Acc.bus": 0.9148000335693359,
        "Acc.train": 0.7288999938964844,
        "Acc.motorcycle": 0.7077999877929687,
        "Acc.bicycle": 0.8761000061035156
    }
}