{
    "config": "/home/guest/scratch/siddharth/data/saved_models/mmseg/segformer_b2_cityscapes_1024x1024/segformer_mit-b2_8xb1-160k_cityscapes-1024x1024.py",
    "metric": {
        "aAcc": 0.8992,
        "mIoU": 0.5138,
        "mAcc": 0.6026,
        "IoU.road": 0.9531999969482422,
        "IoU.sidewalk": 0.6458000183105469,
        "IoU.building": 0.8022000122070313,
        "IoU.wall": 0.42009998321533204,
        "IoU.fence": 0.3034000015258789,
        "IoU.pole": 0.26309999465942385,
        "IoU.traffic light": 0.2109000015258789,
        "IoU.traffic sign": 0.4693000030517578,
        "IoU.vegetation": 0.8237000274658203,
        "IoU.terrain": 0.5436000061035157,
        "IoU.sky": 0.8858999633789062,
        "IoU.person": 0.2730999946594238,
        "IoU.rider": 0.059800000190734864,
        "IoU.car": 0.8688999938964844,
        "IoU.truck": 0.525099983215332,
        "IoU.bus": 0.7112999725341796,
        "IoU.train": 0.49259998321533205,
        "IoU.motorcycle": 0.043499999046325684,
        "IoU.bicycle": 0.4663999938964844,
        "Acc.road": 0.9812999725341797,
        "Acc.sidewalk": 0.6993000030517578,
        "Acc.building": 0.962699966430664,
        "Acc.wall": 0.5599000167846679,
        "Acc.fence": 0.5916999816894531,
        "Acc.pole": 0.39099998474121095,
        "Acc.traffic light": 0.22040000915527344,
        "Acc.traffic sign": 0.5565000152587891,
        "Acc.vegetation": 0.8722000122070312,
        "Acc.terrain": 0.6419999694824219,
        "Acc.sky": 0.9004000091552734,
        "Acc.person": 0.3093000030517578,
        "Acc.rider": 0.06300000190734863,
        "Acc.car": 0.9430000305175781,
        "Acc.truck": 0.6395000076293945,
        "Acc.bus": 0.816500015258789,
        "Acc.train": 0.7058999633789063,
        "Acc.motorcycle": 0.04550000190734863,
        "Acc.bicycle": 0.55
    }
}