{
    "config": "/home/sidd_s/scratch/saved_models/mmseg/segformer_b2_cityscapes_1024x1024/segformer_mit-b2_8xb1-160k_cityscapes-1024x1024.py",
    "metric": {
        "aAcc": 0.9645,
        "mIoU": 0.8036,
        "mAcc": 0.8681,
        "IoU.road": 0.9837000274658203,
        "IoU.sidewalk": 0.8618000030517579,
        "IoU.building": 0.9305000305175781,
        "IoU.wall": 0.62,
        "IoU.fence": 0.5997999954223633,
        "IoU.pole": 0.6844000244140624,
        "IoU.traffic light": 0.7477999877929687,
        "IoU.traffic sign": 0.8184999847412109,
        "IoU.vegetation": 0.9308000183105469,
        "IoU.terrain": 0.6401000213623047,
        "IoU.sky": 0.9540000152587891,
        "IoU.person": 0.8384999847412109,
        "IoU.rider": 0.6431999969482421,
        "IoU.car": 0.9541000366210938,
        "IoU.truck": 0.8461000061035157,
        "IoU.bus": 0.8868000030517578,
        "IoU.train": 0.822699966430664,
        "IoU.motorcycle": 0.7141999816894531,
        "IoU.bicycle": 0.7918000030517578,
        "Acc.road": 0.9916999816894532,
        "Acc.sidewalk": 0.9308999633789062,
        "Acc.building": 0.9694999694824219,
        "Acc.wall": 0.6662999725341797,
        "Acc.fence": 0.669000015258789,
        "Acc.pole": 0.7908000183105469,
        "Acc.traffic light": 0.8562000274658204,
        "Acc.traffic sign": 0.8881999969482421,
        "Acc.vegetation": 0.9701999664306641,
        "Acc.terrain": 0.717699966430664,
        "Acc.sky": 0.9836000061035156,
        "Acc.person": 0.9197000122070312,
        "Acc.rider": 0.774000015258789,
        "Acc.car": 0.9784999847412109,
        "Acc.truck": 0.8805999755859375,
        "Acc.bus": 0.938499984741211,
        "Acc.train": 0.8475,
        "Acc.motorcycle": 0.824800033569336,
        "Acc.bicycle": 0.8955000305175781
    }
}