{
    "config": "/home/guest/scratch/siddharth/data/saved_models/mmseg/segformer_b2_cityscapes_1024x1024/segformer_mit-b2_8xb1-160k_cityscapes-1024x1024.py",
    "metric": {
        "aAcc": 0.9168999999999999,
        "mIoU": 0.5768,
        "mAcc": 0.6631,
        "IoU.road": 0.954800033569336,
        "IoU.sidewalk": 0.6919000244140625,
        "IoU.building": 0.8469000244140625,
        "IoU.wall": 0.5152999877929687,
        "IoU.fence": 0.5113999938964844,
        "IoU.pole": 0.30040000915527343,
        "IoU.traffic light": 0.233799991607666,
        "IoU.traffic sign": 0.4856999969482422,
        "IoU.vegetation": 0.8461000061035157,
        "IoU.terrain": 0.6636000061035157,
        "IoU.sky": 0.898499984741211,
        "IoU.person": 0.3438999938964844,
        "IoU.rider": 0.10140000343322754,
        "IoU.car": 0.8872000122070313,
        "IoU.truck": 0.6498999786376953,
        "IoU.bus": 0.7163999938964843,
        "IoU.train": 0.7045999908447266,
        "IoU.motorcycle": 0.18440000534057618,
        "IoU.bicycle": 0.42400001525878905,
        "Acc.road": 0.9830999755859375,
        "Acc.sidewalk": 0.7333999633789062,
        "Acc.building": 0.9669000244140625,
        "Acc.wall": 0.7013999938964843,
        "Acc.fence": 0.7494999694824219,
        "Acc.pole": 0.48369998931884767,
        "Acc.traffic light": 0.24319999694824218,
        "Acc.traffic sign": 0.5813999938964843,
        "Acc.vegetation": 0.8973999786376953,
        "Acc.terrain": 0.7520999908447266,
        "Acc.sky": 0.9111000061035156,
        "Acc.person": 0.385099983215332,
        "Acc.rider": 0.10789999961853028,
        "Acc.car": 0.9572000122070312,
        "Acc.truck": 0.7872000122070313,
        "Acc.bus": 0.7783999633789063,
        "Acc.train": 0.8848000335693359,
        "Acc.motorcycle": 0.19389999389648438,
        "Acc.bicycle": 0.5018999862670899
    }
}