{
    "config": "/home/sidd_s/scratch/saved_models/mmseg/segformer_b2_cityscapes_1024x1024/segformer_mit-b2_8xb1-160k_cityscapes-1024x1024.py",
    "metric": {
        "aAcc": 0.9288,
        "mIoU": 0.6351,
        "mAcc": 0.7331,
        "IoU.road": 0.9641000366210938,
        "IoU.sidewalk": 0.7463999938964844,
        "IoU.building": 0.8704000091552735,
        "IoU.wall": 0.5336999893188477,
        "IoU.fence": 0.41310001373291017,
        "IoU.pole": 0.38540000915527345,
        "IoU.traffic light": 0.45119998931884764,
        "IoU.traffic sign": 0.5688000106811524,
        "IoU.vegetation": 0.8695999908447266,
        "IoU.terrain": 0.5463999938964844,
        "IoU.sky": 0.9062999725341797,
        "IoU.person": 0.6297999954223633,
        "IoU.rider": 0.41580001831054686,
        "IoU.car": 0.8825,
        "IoU.truck": 0.6363000106811524,
        "IoU.bus": 0.7187000274658203,
        "IoU.train": 0.5890000152587891,
        "IoU.motorcycle": 0.3504999923706055,
        "IoU.bicycle": 0.5890000152587891,
        "Acc.road": 0.9762000274658204,
        "Acc.sidewalk": 0.8455999755859375,
        "Acc.building": 0.9406999969482421,
        "Acc.wall": 0.6284999847412109,
        "Acc.fence": 0.5620999908447266,
        "Acc.pole": 0.4647999954223633,
        "Acc.traffic light": 0.5508000183105469,
        "Acc.traffic sign": 0.6543000030517578,
        "Acc.vegetation": 0.9511000061035156,
        "Acc.terrain": 0.6844000244140624,
        "Acc.sky": 0.9379000091552734,
        "Acc.person": 0.8066000366210937,
        "Acc.rider": 0.5256999969482422,
        "Acc.car": 0.9591999816894531,
        "Acc.truck": 0.6973999786376953,
        "Acc.bus": 0.7844000244140625,
        "Acc.train": 0.7102999877929688,
        "Acc.motorcycle": 0.467599983215332,
        "Acc.bicycle": 0.7822000122070313
    }
}