{
    "config": "/home/guest/scratch/siddharth/data/saved_models/mmseg/segformer_b2_cityscapes_1024x1024/segformer_mit-b2_8xb1-160k_cityscapes-1024x1024.py",
    "metric": {
        "aAcc": 0.9738,
        "mIoU": 0.8575,
        "mAcc": 0.9159,
        "IoU.road": 0.9881999969482422,
        "IoU.sidewalk": 0.9193000030517579,
        "IoU.building": 0.9481999969482422,
        "IoU.wall": 0.8623000335693359,
        "IoU.fence": 0.8366000366210937,
        "IoU.pole": 0.6358000183105469,
        "IoU.traffic light": 0.6859999847412109,
        "IoU.traffic sign": 0.7880000305175782,
        "IoU.vegetation": 0.9394999694824219,
        "IoU.terrain": 0.8631999969482422,
        "IoU.sky": 0.9581999969482422,
        "IoU.person": 0.8394999694824219,
        "IoU.rider": 0.7122000122070312,
        "IoU.car": 0.9551000213623047,
        "IoU.truck": 0.9272000122070313,
        "IoU.bus": 0.9333000183105469,
        "IoU.train": 0.9430000305175781,
        "IoU.motorcycle": 0.7848000335693359,
        "IoU.bicycle": 0.7720999908447266,
        "Acc.road": 0.9919999694824219,
        "Acc.sidewalk": 0.9544000244140625,
        "Acc.building": 0.9745999908447266,
        "Acc.wall": 0.9147000122070312,
        "Acc.fence": 0.9025,
        "Acc.pole": 0.7358999633789063,
        "Acc.traffic light": 0.8012000274658203,
        "Acc.traffic sign": 0.862699966430664,
        "Acc.vegetation": 0.9762000274658204,
        "Acc.terrain": 0.9281999969482422,
        "Acc.sky": 0.9763999938964844,
        "Acc.person": 0.925199966430664,
        "Acc.rider": 0.8216999816894531,
        "Acc.car": 0.9816999816894532,
        "Acc.truck": 0.9588999938964844,
        "Acc.bus": 0.9644999694824219,
        "Acc.train": 0.971500015258789,
        "Acc.motorcycle": 0.8715000152587891,
        "Acc.bicycle": 0.8887999725341796
    }
}