{
    "config": "/home/sidd_s/scratch/saved_models/mmseg/segformer_b2_cityscapes_1024x1024/segformer_mit-b2_8xb1-160k_cityscapes-1024x1024.py",
    "metric": {
        "aAcc": 0.9366,
        "mIoU": 0.6981999999999999,
        "mAcc": 0.7985,
        "IoU.road": 0.9390000152587891,
        "IoU.sidewalk": 0.7918000030517578,
        "IoU.building": 0.8676000213623047,
        "IoU.wall": 0.4527000045776367,
        "IoU.fence": 0.5309000015258789,
        "IoU.pole": 0.5934000015258789,
        "IoU.traffic light": 0.7001999664306641,
        "IoU.traffic sign": 0.7759999847412109,
        "IoU.vegetation": 0.907300033569336,
        "IoU.terrain": 0.5990000152587891,
        "IoU.sky": 0.9119999694824219,
        "IoU.person": 0.7912000274658203,
        "IoU.rider": 0.4672999954223633,
        "IoU.car": 0.9323000335693359,
        "IoU.truck": 0.4136000061035156,
        "IoU.bus": 0.7419000244140626,
        "IoU.train": 0.45799999237060546,
        "IoU.motorcycle": 0.6325999832153321,
        "IoU.bicycle": 0.7587999725341796,
        "Acc.road": 0.9534999847412109,
        "Acc.sidewalk": 0.8736000061035156,
        "Acc.building": 0.9572000122070312,
        "Acc.wall": 0.5727000045776367,
        "Acc.fence": 0.6701000213623047,
        "Acc.pole": 0.6745999908447265,
        "Acc.traffic light": 0.8123000335693359,
        "Acc.traffic sign": 0.8544000244140625,
        "Acc.vegetation": 0.9681999969482422,
        "Acc.terrain": 0.7106999969482422,
        "Acc.sky": 0.9347000122070312,
        "Acc.person": 0.9345999908447266,
        "Acc.rider": 0.5415000152587891,
        "Acc.car": 0.9633999633789062,
        "Acc.truck": 0.5620999908447266,
        "Acc.bus": 0.8312000274658203,
        "Acc.train": 0.7351999664306641,
        "Acc.motorcycle": 0.7520999908447266,
        "Acc.bicycle": 0.8697000122070313
    }
}