{
    "config": "/home/guest/scratch/siddharth/data/saved_models/mmseg/segformer_b2_cityscapes_1024x1024/segformer_mit-b2_8xb1-160k_cityscapes-1024x1024.py",
    "metric": {
        "aAcc": 0.8841,
        "mIoU": 0.47600000000000003,
        "mAcc": 0.5679,
        "IoU.road": 0.9519000244140625,
        "IoU.sidewalk": 0.6218999862670899,
        "IoU.building": 0.7694000244140625,
        "IoU.wall": 0.31979999542236326,
        "IoU.fence": 0.26530000686645505,
        "IoU.pole": 0.22670000076293945,
        "IoU.traffic light": 0.205,
        "IoU.traffic sign": 0.4259999847412109,
        "IoU.vegetation": 0.7756999969482422,
        "IoU.terrain": 0.5588000106811524,
        "IoU.sky": 0.8605000305175782,
        "IoU.person": 0.25709999084472657,
        "IoU.rider": 0.026700000762939453,
        "IoU.car": 0.8512999725341797,
        "IoU.truck": 0.4465000152587891,
        "IoU.bus": 0.6197000122070313,
        "IoU.train": 0.3902000045776367,
        "IoU.motorcycle": 0.05059999942779541,
        "IoU.bicycle": 0.4216999816894531,
        "Acc.road": 0.9816000366210937,
        "Acc.sidewalk": 0.6680999755859375,
        "Acc.building": 0.9644999694824219,
        "Acc.wall": 0.48319999694824217,
        "Acc.fence": 0.6165000152587891,
        "Acc.pole": 0.30620000839233397,
        "Acc.traffic light": 0.21569999694824218,
        "Acc.traffic sign": 0.5066999816894531,
        "Acc.vegetation": 0.8198999786376953,
        "Acc.terrain": 0.6623999786376953,
        "Acc.sky": 0.8725,
        "Acc.person": 0.2997999954223633,
        "Acc.rider": 0.027599999904632567,
        "Acc.car": 0.9323999786376953,
        "Acc.truck": 0.5540999984741211,
        "Acc.bus": 0.7119000244140625,
        "Acc.train": 0.6295000076293945,
        "Acc.motorcycle": 0.053299999237060545,
        "Acc.bicycle": 0.48459999084472655
    }
}