{
    "config": "/home/sidd_s/mmseg_mod/configs/deeplabv3plus/deeplabv3plus_r50-d8_4xb2-80k_cityscapes-512x1024.py",
    "metric": {
        "aAcc": 0.9643999999999999,
        "mIoU": 0.8001,
        "mAcc": 0.8692,
        "IoU.road": 0.9844999694824219,
        "IoU.sidewalk": 0.8683999633789062,
        "IoU.building": 0.9305999755859375,
        "IoU.wall": 0.5129999923706055,
        "IoU.fence": 0.6265999984741211,
        "IoU.pole": 0.6975,
        "IoU.traffic light": 0.7466000366210938,
        "IoU.traffic sign": 0.8273999786376953,
        "IoU.vegetation": 0.9276999664306641,
        "IoU.terrain": 0.6359000015258789,
        "IoU.sky": 0.9502999877929688,
        "IoU.person": 0.8434999847412109,
        "IoU.rider": 0.6594000244140625,
        "IoU.car": 0.957699966430664,
        "IoU.truck": 0.8122000122070312,
        "IoU.bus": 0.8893000030517578,
        "IoU.train": 0.8479000091552734,
        "IoU.motorcycle": 0.6875,
        "IoU.bicycle": 0.7965000152587891,
        "Acc.road": 0.9920999908447266,
        "Acc.sidewalk": 0.9306999969482422,
        "Acc.building": 0.9684999847412109,
        "Acc.wall": 0.563499984741211,
        "Acc.fence": 0.715999984741211,
        "Acc.pole": 0.8154000091552734,
        "Acc.traffic light": 0.8484999847412109,
        "Acc.traffic sign": 0.8920999908447266,
        "Acc.vegetation": 0.9681999969482422,
        "Acc.terrain": 0.7244000244140625,
        "Acc.sky": 0.985,
        "Acc.person": 0.9269000244140625,
        "Acc.rider": 0.7812000274658203,
        "Acc.car": 0.9812000274658204,
        "Acc.truck": 0.89,
        "Acc.bus": 0.9030999755859375,
        "Acc.train": 0.9193000030517579,
        "Acc.motorcycle": 0.8140000152587891,
        "Acc.bicycle": 0.8952999877929687
    }
}