{
    "config": "work/week25/exp1.py",
    "metric": {
        "aAcc": 0.9943000000000001,
        "mIoU": 0.9127,
        "mAcc": 0.9394,
        "IoU.road": 0.9963999938964844,
        "IoU.sidewalk": 0.9825,
        "IoU.building": 0.9922000122070312,
        "IoU.wall": 0.9511000061035156,
        "IoU.fence": 0.9663999938964843,
        "IoU.pole": 0.8805000305175781,
        "IoU.traffic light": 0.918499984741211,
        "IoU.traffic sign": 0.922300033569336,
        "IoU.vegetation": 0.9916000366210938,
        "IoU.terrain": 0.9655000305175782,
        "IoU.sky": 0.9948999786376953,
        "IoU.person": 0.8829000091552734,
        "IoU.rider": 0.6583999633789063,
        "IoU.car": 0.9540000152587891,
        "IoU.truck": 0.5956999969482422,
        "IoU.bus": 0.0,
        "IoU.train": 0.9673999786376953,
        "IoU.motorcycle": 0.8829000091552734,
        "IoU.bicycle": 0.925,
        "Acc.road": 0.9973000335693359,
        "Acc.sidewalk": 0.990999984741211,
        "Acc.building": 0.9961000061035157,
        "Acc.wall": 0.9631999969482422,
        "Acc.fence": 0.9883999633789062,
        "Acc.pole": 0.9255000305175781,
        "Acc.traffic light": 0.9702999877929688,
        "Acc.traffic sign": 0.9593000030517578,
        "Acc.vegetation": 0.995999984741211,
        "Acc.terrain": 0.9863999938964844,
        "Acc.sky": 0.9994000244140625,
        "Acc.person": 0.9147000122070312,
        "Acc.rider": 0.7625,
        "Acc.car": 0.985,
        "Acc.truck": 0.6006000137329102,
        "Acc.bus": NaN,
        "Acc.train": 0.9752999877929688,
        "Acc.motorcycle": 0.9338999938964844,
        "Acc.bicycle": 0.9645999908447266
    }
}