{
    "config": "work/week25/exp1.py",
    "metric": {
        "aAcc": 0.9937999999999999,
        "mIoU": 0.8547,
        "mAcc": 0.9334,
        "IoU.road": 0.9963999938964844,
        "IoU.sidewalk": 0.9826000213623047,
        "IoU.building": 0.9919999694824219,
        "IoU.wall": 0.9438999938964844,
        "IoU.fence": 0.965,
        "IoU.pole": 0.8779000091552734,
        "IoU.traffic light": 0.9169999694824219,
        "IoU.traffic sign": 0.920199966430664,
        "IoU.vegetation": 0.9912999725341797,
        "IoU.terrain": 0.9645999908447266,
        "IoU.sky": 0.9944000244140625,
        "IoU.person": 0.8702999877929688,
        "IoU.rider": 0.5643999862670899,
        "IoU.car": 0.9531999969482422,
        "IoU.truck": 0.5752000045776368,
        "IoU.bus": 0.0,
        "IoU.train": 0.9427999877929687,
        "IoU.motorcycle": 0.8647000122070313,
        "IoU.bicycle": 0.9229000091552735,
        "Acc.road": 0.9973000335693359,
        "Acc.sidewalk": 0.9915000152587891,
        "Acc.building": 0.9958000183105469,
        "Acc.wall": 0.9619999694824218,
        "Acc.fence": 0.9844000244140625,
        "Acc.pole": 0.9283999633789063,
        "Acc.traffic light": 0.9658000183105468,
        "Acc.traffic sign": 0.9569000244140625,
        "Acc.vegetation": 0.9961000061035157,
        "Acc.terrain": 0.9847000122070313,
        "Acc.sky": 0.9994000244140625,
        "Acc.person": 0.9065000152587891,
        "Acc.rider": 0.7230000305175781,
        "Acc.car": 0.9841999816894531,
        "Acc.truck": 0.5936000061035156,
        "Acc.bus": NaN,
        "Acc.train": 0.9497000122070313,
        "Acc.motorcycle": 0.9231999969482422,
        "Acc.bicycle": 0.9586000061035156
    }
}