{
    "config": "work/week25/exp5.py",
    "metric": {
        "aAcc": 0.9921,
        "mIoU": 0.919,
        "mAcc": 0.9588,
        "IoU.road": 0.9934999847412109,
        "IoU.sidewalk": 0.9723999786376953,
        "IoU.building": 0.9862000274658204,
        "IoU.wall": 0.9568000030517578,
        "IoU.fence": 0.9533999633789062,
        "IoU.pole": 0.8819999694824219,
        "IoU.traffic light": 0.8873999786376953,
        "IoU.traffic sign": 0.8987999725341796,
        "IoU.vegetation": 0.9866000366210937,
        "IoU.terrain": 0.93,
        "IoU.sky": 0.9937999725341797,
        "IoU.person": 0.8965000152587891,
        "IoU.rider": 0.7423999786376954,
        "IoU.car": 0.9401000213623046,
        "IoU.truck": 0.683499984741211,
        "IoU.bus": NaN,
        "IoU.train": 0.9776000213623047,
        "IoU.motorcycle": 0.9313999938964844,
        "IoU.bicycle": 0.930199966430664,
        "Acc.road": 0.9941999816894531,
        "Acc.sidewalk": 0.9898999786376953,
        "Acc.building": 0.9905999755859375,
        "Acc.wall": 0.9797000122070313,
        "Acc.fence": 0.9762999725341797,
        "Acc.pole": 0.9230999755859375,
        "Acc.traffic light": 0.9844000244140625,
        "Acc.traffic sign": 0.9205000305175781,
        "Acc.vegetation": 0.9948999786376953,
        "Acc.terrain": 0.9747000122070313,
        "Acc.sky": 0.9991999816894531,
        "Acc.person": 0.9391000366210938,
        "Acc.rider": 0.8911000061035156,
        "Acc.car": 0.9883999633789062,
        "Acc.truck": 0.8025,
        "Acc.bus": NaN,
        "Acc.train": 0.9931999969482422,
        "Acc.motorcycle": 0.9729000091552734,
        "Acc.bicycle": 0.9437999725341797
    }
}