{
    "config": "work/week25/exp5.py",
    "metric": {
        "aAcc": 0.9933,
        "mIoU": 0.9283,
        "mAcc": 0.9742000000000001,
        "IoU.road": 0.9955999755859375,
        "IoU.sidewalk": 0.9787000274658203,
        "IoU.building": 0.9888999938964844,
        "IoU.wall": 0.9608000183105468,
        "IoU.fence": 0.9575,
        "IoU.pole": 0.902300033569336,
        "IoU.traffic light": 0.9047000122070312,
        "IoU.traffic sign": 0.9212000274658203,
        "IoU.vegetation": 0.987699966430664,
        "IoU.terrain": 0.9484999847412109,
        "IoU.sky": 0.9931999969482422,
        "IoU.person": 0.9108999633789062,
        "IoU.rider": 0.8087000274658203,
        "IoU.car": 0.9481999969482422,
        "IoU.truck": 0.6572000122070313,
        "IoU.bus": NaN,
        "IoU.train": 0.9841999816894531,
        "IoU.motorcycle": 0.922300033569336,
        "IoU.bicycle": 0.9386000061035156,
        "Acc.road": 0.9962999725341797,
        "Acc.sidewalk": 0.9890000152587891,
        "Acc.building": 0.9938999938964844,
        "Acc.wall": 0.9769999694824218,
        "Acc.fence": 0.9884999847412109,
        "Acc.pole": 0.9454000091552734,
        "Acc.traffic light": 0.9816999816894532,
        "Acc.traffic sign": 0.9716000366210937,
        "Acc.vegetation": 0.9916999816894532,
        "Acc.terrain": 0.9793000030517578,
        "Acc.sky": 0.9991000366210937,
        "Acc.person": 0.9586000061035156,
        "Acc.rider": 0.9241000366210937,
        "Acc.car": 0.9806999969482422,
        "Acc.truck": 0.9381999969482422,
        "Acc.bus": NaN,
        "Acc.train": 0.9955999755859375,
        "Acc.motorcycle": 0.9533999633789062,
        "Acc.bicycle": 0.9720999908447265
    }
}