{
    "config": "work/week25/exp_8.py",
    "metric": {
        "aAcc": 0.9924,
        "mIoU": 0.9284,
        "mAcc": 0.9668000000000001,
        "IoU.road": 0.9948999786376953,
        "IoU.sidewalk": 0.9756999969482422,
        "IoU.building": 0.9873000335693359,
        "IoU.wall": 0.9572000122070312,
        "IoU.fence": 0.9506999969482421,
        "IoU.pole": 0.8631999969482422,
        "IoU.traffic light": 0.8980999755859375,
        "IoU.traffic sign": 0.9091999816894532,
        "IoU.vegetation": 0.986500015258789,
        "IoU.terrain": 0.9402999877929688,
        "IoU.sky": 0.992699966430664,
        "IoU.person": 0.895,
        "IoU.rider": 0.7851000213623047,
        "IoU.car": 0.9431999969482422,
        "IoU.truck": 0.7944000244140625,
        "IoU.bus": NaN,
        "IoU.train": 0.9805000305175782,
        "IoU.motorcycle": 0.925199966430664,
        "IoU.bicycle": 0.9312999725341797,
        "Acc.road": 0.995999984741211,
        "Acc.sidewalk": 0.9869999694824219,
        "Acc.building": 0.9916000366210938,
        "Acc.wall": 0.9745999908447266,
        "Acc.fence": 0.9901999664306641,
        "Acc.pole": 0.933499984741211,
        "Acc.traffic light": 0.9723999786376953,
        "Acc.traffic sign": 0.9602999877929688,
        "Acc.vegetation": 0.9916999816894532,
        "Acc.terrain": 0.9755999755859375,
        "Acc.sky": 0.9988999938964844,
        "Acc.person": 0.9401999664306641,
        "Acc.rider": 0.8831999969482421,
        "Acc.car": 0.9805999755859375,
        "Acc.truck": 0.8925,
        "Acc.bus": NaN,
        "Acc.train": 0.9947000122070313,
        "Acc.motorcycle": 0.9652999877929688,
        "Acc.bicycle": 0.9733999633789062
    }
}